id,predicted
0,45.2
1,14.2
2,24.2
3,1.2
4,1.4
5,20.4
6,19.4
7,182.4
8,2.2
9,120.0
10,338.0
11,11.2
12,4.8
13,3.4
14,23.8
15,4.6
16,20.4
17,0.0
18,13.0
19,8.6
20,0.2
21,61.0
22,3.4
23,71.2
24,10.0
25,64.0
26,1.8
27,6.8
28,12.2
29,152.0
30,0.8
31,3.4
32,171.0
33,38.4
34,3.8
35,33.6
36,162.2
37,0.8
38,38.0
39,53.4
40,0.8
41,11.8
42,1.4
43,13.6
44,5.4
45,3.2
46,16.2
47,0.0
48,7.2
49,3.6
50,0.8
51,0.0
52,1.6
53,80.2
54,60.0
55,21.4
56,48.2
57,1.0
58,406.6
59,9.4
60,13.4
61,28.6
62,33.6
63,0.2
64,21.8
65,415.6
66,0.8
67,49.6
68,1.6
69,917.0
70,124.8
71,4.6
72,5.2
73,1.4
74,102.6
75,54.2
76,0.8
77,1.2
78,1.0
79,80.6
80,5.4
81,0.6
82,1.8
83,1.0
84,145.2
85,32.0
86,1.6
87,15404.0
88,33.4
89,0.0
90,6.6
91,1.0
92,265.0
93,784.2
94,3.0
95,3.0
96,8.4
97,8.6
98,1.6
99,102.4
100,1.0
101,14.2
102,56.6
103,10.4
104,42.6
105,5.8
106,137.4
107,16.6
108,115.4
109,118.0
110,6.2
111,2.8
112,1.8
113,0.4
114,9.4
115,4.6
116,1.4
117,4.6
118,11743.8
119,13.8
120,35.6
121,5.8
122,7.2
123,32.6
124,5.0
125,45.6
126,15.4
127,809.4
128,37.8
129,4.0
130,0.6
131,6.6
132,21.8
133,12.2
134,1.2
135,79.8
136,1.4
137,34.2
138,20.0
139,349.8
140,31.8
141,1.4
142,11.6
143,0.6
144,26.4
145,2.6
146,2.0
147,0.6
148,130.2
149,11.4
150,7.0
151,26.0
152,2.4
153,23.4
154,0.0
155,2.6
156,21.2
157,0.2
158,32.2
159,8.6
160,1.8
161,6.8
162,0.4
163,12.0
164,7.2
165,25.4
166,0.2
167,1.4
168,20.4
169,0.2
170,6.6
171,14.4
172,3.8
173,3.4
174,4.8
175,23.6
176,19.0
177,233.4
178,21.4
179,4.4
180,8.6
181,0.6
182,8.4
183,196.4
184,43.2
185,3.2
186,1.2
187,81.2
188,0.4
189,8.6
190,8.4
191,0.8
192,0.0
193,1.4
194,18.0
195,29.2
196,5.0
197,1.4
198,4.2
199,1.6
200,1.4
201,15.0
202,31.4
203,0.2
204,0.4
205,3.4
206,4.0
207,1.0
208,0.4
209,4.0
210,13.6
211,1.2
212,13.2
213,0.4
214,33.2
215,19.0
216,6.8
217,24.4
218,1.6
219,28.0
220,436.8
221,52.4
222,25.8
223,1.2
224,27.6
225,19.2
226,6.4
227,2.8
228,15.2
229,0.8
230,136.4
231,10.6
232,9.2
233,0.4
234,1.4
235,12.2
236,96.8
237,2.0
238,61.0
239,0.2
240,1.4
241,4.4
242,919.6
243,4.4
244,1.0
245,133.0
246,167.8
247,15.0
248,0.0
249,6.0
250,17.8
251,41.2
252,2.4
253,0.2
254,428.2
255,2.4
256,0.8
257,3.8
258,0.6
259,1.0
260,7.4
261,0.2
262,2.0
263,0.2
264,1.2
265,22.2
266,2.6
267,0.6
268,37.8
269,112.6
270,0.2
271,13.2
272,12.4
273,2.6
274,4.2
275,10.2
276,0.0
277,0.8
278,8484.2
279,243.2
280,10.4
281,76.2
282,7.0
283,1.6
284,14.4
285,23.8
286,43.0
287,0.0
288,1.4
289,110.2
290,10.4
291,8517.4
292,63.0
293,1.2
294,19.4
295,5.8
296,0.0
297,10.2
298,200.4
299,36.8
300,1.4
301,11.6
302,48.2
303,369.2
304,5.2
305,2.0
306,3.2
307,0.8
308,7.2
309,16.2
310,25.6
311,4.2
312,40.2
313,2.0
314,119.6
315,120.0
316,4.0
317,82.0
318,3.6
319,17.8
320,1.2
321,109.0
322,1.0
323,148.0
324,59.8
325,22.8
326,2.6
327,3.2
328,23.8
329,458.8
330,0.4
331,2.8
332,36.8
333,19.6
334,1.8
335,2.4
336,88.0
337,109.6
338,0.4
339,55.6
340,39.6
341,3.8
342,1.4
343,18.2
344,49.0
345,90.0
346,0.2
347,10.6
348,12.8
349,13.6
350,74.4
351,0.6
352,5.6
353,7.4
354,2.2
355,4.8
356,7.6
357,11.8
358,4.6
359,51.4
360,164.8
361,3.2
362,0.4
363,11.6
364,184.6
365,6.8
366,26.6
367,0.6
368,0.8
369,3.6
370,21.4
371,9.2
372,118.8
373,32.8
374,112.8
375,38.6
376,1.8
377,23.0
378,6.8
379,125.0
380,1.8
381,83.0
382,8.2
383,16.2
384,11.8
385,3.0
386,1.8
387,9.2
388,5.2
389,1.2
390,0.0
391,2.4
392,18.4
393,0.8
394,1.2
395,13.8
396,28.6
397,3.0
398,30.8
399,35.0
400,13.6
401,4.6
402,390.6
403,1.6
404,26.6
405,26.2
406,1.2
407,41.8
408,63.2
409,2.6
410,4.4
411,16.4
412,3.2
413,254.6
414,101.4
415,0.0
416,806.8
417,12.6
418,13.4
419,617.4
420,6.8
421,5.8
422,2.0
423,2.0
424,1.4
425,6.8
426,0.0
427,1.6
428,13.0
429,0.2
430,3.2
431,3.4
432,0.4
433,24.2
434,37.0
435,8.8
436,4.4
437,0.0
438,11.4
439,18.2
440,14.0
441,3.2
442,51.0
443,0.4
444,54.4
445,59.6
446,60.8
447,63.6
448,1.6
449,9.8
450,7.4
451,1.0
452,66.0
453,370.2
454,17.8
455,3.8
456,7.4
457,2.8
458,1.0
459,736.2
460,10.6
461,2.0
462,3.8
463,56.0
464,2.8
465,5.6
466,81.0
467,4.0
468,1.0
469,0.6
470,30.6
471,1.6
472,0.8
473,233.0
474,44.8
475,2.6
476,3.0
477,0.4
478,0.4
479,584.2
480,8.8
481,10.0
482,0.4
483,29.4
484,0.8
485,7.4
486,2.2
487,117.4
488,1.6
489,9.8
490,3.4
491,1.8
492,0.6
493,0.2
494,160.8
495,0.8
496,0.4
497,18.0
498,4.2
499,0.6
500,8.4
501,2.6
502,38.2
503,35.4
504,83.4
505,2.4
506,2.6
507,0.0
508,43.0
509,10.6
510,527.0
511,16.4
512,4.4
513,2.4
514,165.0
515,1.2
516,0.4
517,18.6
518,136.2
519,58.2
520,11.6
521,1.4
522,3.6
523,18.0
524,7.8
525,3.0
526,46.0
527,2.0
528,17.8
529,1.8
530,0.0
531,8.6
532,63.8
533,3.2
534,671.4
535,0.8
536,1.8
537,106.4
538,1.0
539,1.2
540,27.6
541,2.4
542,6.4
543,1.4
544,11.6
545,40.6
546,0.8
547,17.4
548,60.4
549,0.4
550,92.6
551,2.4
552,16.4
553,17.4
554,29.4
555,1.0
556,446.8
557,8.6
558,0.2
559,44.0
560,7.6
561,1.4
562,2.2
563,9.6
564,105.0
565,1.0
566,13.4
567,59.4
568,1.0
569,4.6
570,15.2
571,0.6
572,4.2
573,1.2
574,14.6
575,19.8
576,1.6
577,9.6
578,8.4
579,5.8
580,10.0
581,7.4
582,1.2
583,54.6
584,1.8
585,8.6
586,5.8
587,18.6
588,106.4
589,17.2
590,1.6
591,599.8
592,2.8
593,19.8
594,6.0
595,12.2
596,199.0
597,3.0
598,0.0
599,96.2
600,0.8
601,3.0
602,3.6
603,50.6
604,7.4
605,25.8
606,39.4
607,3.2
608,915.8
609,4.4
610,10.6
611,30.4
612,9.2
613,370.4
614,107.4
615,3.2
616,175.8
617,14.8
618,0.2
619,3.0
620,7.2
621,20.2
622,15.2
623,7.0
624,78.8
625,6.4
626,0.0
627,64.0
628,7.0
629,38.8
630,30.2
631,6.2
632,23.6
633,43.8
634,89.2
635,4.2
636,1.8
637,1.2
638,61.2
639,8.2
640,31.0
641,3.0
642,14.8
643,0.4
644,0.4
645,47.6
646,2.0
647,170.8
648,59.4
649,0.8
650,1.2
651,1.8
652,1.4
653,12.6
654,12.2
655,1.0
656,17.2
657,3.8
658,0.0
659,21.2
660,527.0
661,46.0
662,5.8
663,2.6
664,4.0
665,3.4
666,1.0
667,1.4
668,14.8
669,0.4
670,5.6
671,1.8
672,5.8
673,22.8
674,1.2
675,4.2
676,0.8
677,111.4
678,1.0
679,2.0
680,336.6
681,38.0
682,15.8
683,0.0
684,30.6
685,23.2
686,36.2
687,78.4
688,12.4
689,7.4
690,21.2
691,11.8
692,48.6
693,14.2
694,5.2
695,11.2
696,1.2
697,8516.0
698,31.0
699,3.2
700,0.2
701,79.0
702,43.2
703,1.2
704,24.4
705,0.4
706,1.2
707,9.0
708,2.2
709,4.6
710,9.6
711,52.4
712,29.6
713,0.6
714,6.8
715,13.8
716,45.8
717,0.0
718,596.4
719,146.4
720,8.6
721,6.0
722,15.0
723,32.8
724,200.2
725,419.6
726,7488.2
727,1.0
728,2.4
729,15.8
730,115.8
731,17.8
732,13.2
733,6.4
734,2.0
735,3.8
736,25.4
737,7.2
738,55.0
739,9.8
740,0.6
741,0.4
742,74.0
743,8.8
744,52.8
745,1.2
746,13.2
747,101.6
748,48.2
749,5.0
750,8.0
751,2.0
752,149.0
753,2.0
754,46.6
755,14.0
756,30.4
757,0.6
758,0.2
759,41.2
760,908.8
761,4.4
762,99.6
763,2.6
764,17.6
765,6.2
766,0.2
767,45.4
768,7.8
769,2319.4
770,12.0
771,6.2
772,0.4
773,25.2
774,32.6
775,0.2
776,117.6
777,15.8
778,4.8
779,25.6
780,43.2
781,10.6
782,1.2
783,615.0
784,60.8
785,2.8
786,305.6
787,0.6
788,8.2
789,73.6
790,3.2
791,3.8
792,341.2
793,3.8
794,33.4
795,6.6
796,88.2
797,35.0
798,2.2
799,15.6
800,67.0
801,38.2
802,0.4
803,0.0
804,126.8
805,0.4
806,8.2
807,90.8
808,8.4
809,0.6
810,12.0
811,2.2
812,16.0
813,132.2
814,1.4
815,32.8
816,10.2
817,5.4
818,0.2
819,0.2
820,23.0
821,346.2
822,1.2
823,34.0
824,26.6
825,63.8
826,24.6
827,2.4
828,16.4
829,11.4
830,4.6
831,0.4
832,0.2
833,7.2
834,31.8
835,7.2
836,77.4
837,14.0
838,2.8
839,192.2
840,468.4
841,5.6
842,29.4
843,541.8
844,346.0
845,6.8
846,489.4
847,2.0
848,114.6
849,21.8
850,1.8
851,202.4
852,14.8
853,80.6
854,0.2
855,12.4
856,1.0
857,2.0
858,10.6
859,0.2
860,0.6
861,10.8
862,150.8
863,10.4
864,14.0
865,7.2
866,1.8
867,29.0
868,42.6
869,210.8
870,262.0
871,5.8
872,1.2
873,129.4
874,4.8
875,7.4
876,22.0
877,38.2
878,0.8
879,0.4
880,3.0
881,179.8
882,0.4
883,41.6
884,2.4
885,3.8
886,5.6
887,25.6
888,2.4
889,3.6
890,5.8
891,2.8
892,736.4
893,26.2
894,1.4
895,4.6
896,502.4
897,1.8
898,27.0
899,4.8
900,2.6
901,22.8
902,11.0
903,27.6
904,6.6
905,202.6
906,0.6
907,9.2
908,40.6
909,31.6
910,5.0
911,23.6
912,119.2
913,0.6
914,9.6
915,0.6
916,56.8
917,1.8
918,37.8
919,0.6
920,21.2
921,163.2
922,3.8
923,16.4
924,2.6
925,2.6
926,3.6
927,4.6
928,9.4
929,83.0
930,4.6
931,4.0
932,30.2
933,117.6
934,25.8
935,2.6
936,15.2
937,48.4
938,10.0
939,4.0
940,1.2
941,0.6
942,1.8
943,41.6
944,0.4
945,6.4
946,7.6
947,328.6
948,1.0
949,9.2
950,18.8
951,3.6
952,2.0
953,11.4
954,0.0
955,1.0
956,0.6
957,2.4
958,1.4
959,7.2
960,68.0
961,4.2
962,23.2
963,237.8
964,5.8
965,0.0
966,5.6
967,3.0
968,1.2
969,1.0
970,107.2
971,22.4
972,6.4
973,9.8
974,120.6
975,8.4
976,62.6
977,30.2
978,26.8
979,1.2
980,3.2
981,10.4
982,0.0
983,23.0
984,0.2
985,578.4
986,36.0
987,5.8
988,513.4
989,2.4
990,11.6
991,9.2
992,9.4
993,206.8
994,1.6
995,35.0
996,61.0
997,67.4
998,6.2
999,12.2
1000,40.0
1001,1.0
1002,4.0
1003,2.2
1004,0.0
1005,130.6
1006,60.6
1007,0.4
1008,2.0
1009,219.2
1010,28.8
1011,0.2
1012,2.2
1013,31.6
1014,2.6
1015,6.2
1016,19.4
1017,0.0
1018,11.4
1019,460.6
1020,1.0
1021,2.2
1022,120.6
1023,506.6
1024,4.0
1025,46.4
1026,42.0
1027,41.0
1028,109.6
1029,5.4
1030,370.2
1031,50.2
1032,2.6
1033,110.8
1034,18.6
1035,14.0
1036,57.4
1037,10.8
1038,9.4
1039,0.0
1040,55.6
1041,5.2
1042,5.6
1043,574.2
1044,0.8
1045,10.2
1046,2.0
1047,10.4
1048,6.0
1049,25.4
1050,0.2
1051,3.8
1052,5.8
1053,1.8
1054,1.0
1055,27.8
1056,1.8
1057,35.0
1058,23.0
1059,19.6
1060,3.2
1061,6.0
1062,12.6
1063,16.6
1064,8.4
1065,17.0
1066,131.4
1067,5.8
1068,3.2
1069,100.4
1070,26.8
1071,5.2
1072,17.6
1073,67.4
1074,9.2
1075,23.0
1076,0.2
1077,116.0
1078,0.0
1079,34.0
1080,1.8
1081,2.4
1082,4.8
1083,48.6
1084,0.4
1085,3.8
1086,3.2
1087,12.2
1088,5.8
1089,0.2
1090,3.0
1091,0.6
1092,135.8
1093,2.2
1094,6.4
1095,228.8
1096,124.6
1097,0.2
1098,39.2
1099,5.4
1100,10.4
1101,3.2
1102,10.2
1103,0.0
1104,36.6
1105,130.8
1106,0.4
1107,11.0
1108,4.4
1109,3.8
1110,96.4
1111,4.6
1112,18.0
1113,0.8
1114,0.8
1115,4.4
1116,170.4
1117,0.4
1118,0.8
1119,306.6
1120,262.0
1121,418.4
1122,113.6
1123,52.4
1124,1.4
1125,50.2
1126,21.0
1127,11.0
1128,15.6
1129,0.0
1130,2.6
1131,40.4
1132,25.4
1133,485.0
1134,6.8
1135,4.4
1136,6.2
1137,1.8
1138,66.8
1139,95.8
1140,10.0
1141,2.6
1142,33.2
1143,16.6
1144,20.4
1145,1.0
1146,4.6
1147,31.8
1148,18.0
1149,91.0
1150,69.8
1151,41.4
1152,29.6
1153,2.6
1154,6.6
1155,394.4
1156,25.2
1157,37.6
1158,86.4
1159,2.2
1160,460.0
1161,1.0
1162,139.0
1163,4.0
1164,1.0
1165,187.4
1166,0.6
1167,11.6
1168,7.2
1169,49.0
1170,2.4
1171,21.8
1172,0.0
1173,2.4
1174,0.0
1175,6.4
1176,47.4
1177,9.6
1178,16.2
1179,5.6
1180,22.4
1181,2.8
1182,0.2
1183,1.0
1184,6.4
1185,3.6
1186,1.8
1187,0.8
1188,2.8
1189,8.4
1190,65.0
1191,20.2
1192,0.6
1193,33.2
1194,13.6
1195,42.2
1196,9.4
1197,1.4
1198,14.0
1199,23.0
1200,3.0
1201,4.2
1202,6.2
1203,43.8
1204,309.6
1205,4.0
1206,21.2
1207,0.8
1208,1.0
1209,37.4
1210,1.8
1211,0.4
1212,2.2
1213,10.2
1214,22.4
1215,0.2
1216,0.2
1217,6.8
1218,45.0
1219,2.6
1220,22.2
1221,0.2
1222,22.2
1223,5.6
1224,1.6
1225,148.4
1226,947.0
1227,81.0
1228,43.6
1229,180.0
1230,0.0
1231,5.2
1232,139.2
1233,0.8
1234,0.4
1235,2.6
1236,16.8
1237,0.8
1238,4.4
1239,60.6
1240,1473.2
1241,1.4
1242,10.6
1243,31.4
1244,2.6
1245,2.8
1246,7.8
1247,10.0
1248,0.0
1249,183.8
1250,0.6
1251,68.0
1252,17.0
1253,13.8
1254,7.2
1255,6.6
1256,4.4
1257,49.4
1258,1.6
1259,1.2
1260,353.4
1261,1.4
1262,20.2
1263,6.0
1264,1.0
1265,0.8
1266,5.8
1267,109.4
1268,74.6
1269,10.6
1270,0.2
1271,2.2
1272,38.2
1273,0.0
1274,41.0
1275,1.4
1276,73.8
1277,59.8
1278,8.2
1279,0.0
1280,20.4
1281,68.2
1282,12.6
1283,7.4
1284,162.6
1285,0.6
1286,32.6
1287,5.6
1288,31.8
1289,1.0
1290,8.2
1291,19.8
1292,5.6
1293,9.2
1294,1.0
1295,5.8
1296,22.2
1297,23.8
1298,40.6
1299,20.6
1300,28.6
1301,5.2
1302,16.6
1303,1.4
1304,41.8
1305,12.4
1306,14.8
1307,1.4
1308,0.6
1309,0.0
1310,0.2
1311,90.8
1312,5.4
1313,2.0
1314,131.2
1315,5.6
1316,28.8
1317,26.8
1318,30.8
1319,1.0
1320,5.0
1321,11.2
1322,0.2
1323,50.0
1324,3.0
1325,6.8
1326,4.0
1327,32.4
1328,11.2
1329,1.4
1330,1.8
1331,28.4
1332,29.4
1333,12.6
1334,17.6
1335,55.2
1336,0.4
1337,30.6
1338,15.6
1339,664.2
1340,11.4
1341,2.6
1342,0.2
1343,4.2
1344,19.8
1345,53.8
1346,0.8
1347,47.8
1348,51.4
1349,17.4
1350,0.0
1351,5.6
1352,2.0
1353,1.0
1354,33.8
1355,12.2
1356,180.4
1357,124.0
1358,142.4
1359,46.6
1360,13.6
1361,22.4
1362,9.0
1363,0.0
1364,1.6
1365,0.0
1366,157.0
1367,0.0
1368,15.2
1369,49.6
1370,45.2
1371,13.0
1372,6.4
1373,136.0
1374,29.2
1375,17.8
1376,2.6
1377,14.0
1378,27.6
1379,0.8
1380,4.8
1381,609.4
1382,1.2
1383,1.4
1384,0.0
1385,9.2
1386,1.0
1387,1.6
1388,1.2
1389,9.6
1390,383.2
1391,1.2
1392,0.4
1393,3.6
1394,19.8
1395,34.6
1396,36.2
1397,1.8
1398,0.2
1399,21.0
1400,16.6
1401,404.2
1402,121.0
1403,42.6
1404,0.8
1405,0.4
1406,41.8
1407,170.4
1408,0.2
1409,13.8
1410,21.0
1411,35.2
1412,0.4
1413,133.0
1414,0.0
1415,0.6
1416,0.8
1417,3.2
1418,7.0
1419,1.0
1420,13.4
1421,10.8
1422,10.8
1423,1.0
1424,3.8
1425,11650.8
1426,1.4
1427,11.4
1428,0.4
1429,6.4
1430,11.8
1431,1.2
1432,70.6
1433,4.2
1434,10.0
1435,65.4
1436,84.4
1437,13.6
1438,3.8
1439,247.2
1440,2.6
1441,4.8
1442,240.6
1443,16.0
1444,3.6
1445,87.0
1446,3.0
1447,18.2
1448,22.4
1449,5.8
1450,0.2
1451,78.8
1452,51.2
1453,22.4
1454,58.2
1455,98.2
1456,3.0
1457,34.2
1458,15.2
1459,0.8
1460,12.2
1461,12.6
1462,31.0
1463,0.4
1464,10.0
1465,18.2
1466,0.2
1467,6.4
1468,0.2
1469,15.8
1470,75.2
1471,21.0
1472,7.0
1473,9.6
1474,3.2
1475,260.6
1476,14.4
1477,22.6
1478,67.8
1479,0.0
1480,37.8
1481,1.6
1482,9.4
1483,0.8
1484,16.0
1485,12.4
1486,1.6
1487,768.0
1488,0.8
1489,44.4
1490,125.2
1491,0.6
1492,3.2
1493,8.2
1494,9.8
1495,0.8
1496,20.6
1497,19.8
1498,0.8
1499,10.2
1500,66.6
1501,109.6
1502,2.2
1503,0.2
1504,0.6
1505,1.0
1506,0.8
1507,55.8
1508,114.0
1509,9.4
1510,51.6
1511,9.6
1512,0.2
1513,221.2
1514,32.8
1515,2.2
1516,63.8
1517,25.8
1518,153.8
1519,72.4
1520,0.4
1521,114.4
1522,22.4
1523,6.4
1524,10.8
1525,19.2
1526,7.0
1527,150.2
1528,29.2
1529,1.4
1530,29.0
1531,1.4
1532,118.8
1533,13.8
1534,2.4
1535,3.0
1536,4.4
1537,6.0
1538,2.0
1539,15.8
1540,24.6
1541,77.6
1542,20.2
1543,14.6
1544,13.6
1545,204.2
1546,143.2
1547,0.2
1548,116.4
1549,28.6
1550,4.6
1551,4.2
1552,9.4
1553,0.0
1554,5.4
1555,0.2
1556,48.2
1557,14.6
1558,4.8
1559,94.2
1560,36.6
1561,47.0
1562,2.8
1563,0.0
1564,1.0
1565,1.0
1566,23.2
1567,52.2
1568,28.6
1569,1.0
1570,0.0
1571,2.2
1572,529.6
1573,192.4
1574,5.8
1575,1.2
1576,1.8
1577,10.4
1578,255.0
1579,36.4
1580,1.8
1581,19.8
1582,91.4
1583,4.4
1584,85.0
1585,14.0
1586,1.0
1587,52.6
1588,8.2
1589,105.2
1590,6.4
1591,4.8
1592,2.4
1593,12.4
1594,2.2
1595,15.2
1596,1.4
1597,1.8
1598,58.8
1599,0.0
1600,0.0
1601,2.2
1602,3.4
1603,12.4
1604,0.0
1605,20.4
1606,3.4
1607,26.0
1608,118.2
1609,18.8
1610,1.4
1611,177.0
1612,3.0
1613,118.8
1614,13.8
1615,14.2
1616,3.8
1617,1.2
1618,1.8
1619,32.8
1620,2.2
1621,5.2
1622,15.2
1623,4.0
1624,53.6
1625,0.2
1626,2.0
1627,61.4
1628,70.2
1629,4.6
1630,55.4
1631,0.0
1632,7.0
1633,2.2
1634,11.2
1635,6.2
1636,0.6
1637,1.8
1638,0.8
1639,4.4
1640,98.2
1641,33.8
1642,14.4
1643,20.0
1644,28.6
1645,0.2
1646,0.8
1647,6.0
1648,5.4
1649,9.6
1650,3.8
1651,0.2
1652,1.2
1653,4.8
1654,109.4
1655,0.8
1656,0.6
1657,18.6
1658,4.6
1659,15.6
1660,1.2
1661,3.4
1662,6.8
1663,76.6
1664,22.8
1665,12.2
1666,8.4
1667,0.4
1668,84.2
1669,16.8
1670,92.8
1671,5.8
1672,103.0
1673,44.2
1674,2.0
1675,12831.6
1676,15.8
1677,1.0
1678,59.6
1679,60.8
1680,3.4
1681,1.0
1682,8.8
1683,104.4
1684,1.8
1685,280.2
1686,11.8
1687,50.0
1688,72.8
1689,9.6
1690,50.4
1691,89.6
1692,98.6
1693,2.6
1694,1.8
1695,15.4
1696,0.2
1697,3.6
1698,0.0
1699,2.4
1700,6.8
1701,4.8
1702,11.6
1703,6.6
1704,0.8
1705,1.2
1706,141.8
1707,38.4
1708,60.6
1709,36.0
1710,13.8
1711,151.4
1712,69.6
1713,241.4
1714,34.2
1715,13.4
1716,60.0
1717,3.4
1718,0.4
1719,0.2
1720,40.0
1721,3.0
1722,0.2
1723,19.2
1724,0.2
1725,0.0
1726,0.2
1727,0.2
1728,126.0
1729,13.2
1730,0.6
1731,96.6
1732,4.0
1733,63.6
1734,5.8
1735,38.0
1736,4.6
1737,9.8
1738,1.0
1739,179.4
1740,0.4
1741,9.2
1742,77.4
1743,2.2
1744,1.2
1745,56.6
1746,1.4
1747,16.2
1748,0.4
1749,37.2
1750,8.0
1751,16.8
1752,3.0
1753,2.2
1754,1.6
1755,62.6
1756,0.4
1757,20.8
1758,98.6
1759,2.4
1760,41.0
1761,3.2
1762,138.2
1763,120.6
1764,0.2
1765,2.4
1766,32.8
1767,11.0
1768,32.2
1769,11.4
1770,41.8
1771,0.4
1772,91.6
1773,0.6
1774,24.4
1775,0.6
1776,67.4
1777,2.0
1778,2.8
1779,0.4
1780,128.6
1781,0.4
1782,1.0
1783,7.2
1784,19.8
1785,1.2
1786,0.4
1787,547.0
1788,5.8
1789,230.8
1790,89.2
1791,0.8
1792,6.0
1793,33.2
1794,55.6
1795,15.8
1796,0.2
1797,4.8
1798,132.0
1799,1.2
1800,67.8
1801,1.2
1802,1481.8
1803,61.8
1804,2.0
1805,10.0
1806,106.2
1807,1.6
1808,377.8
1809,3.4
1810,105.2
1811,0.2
1812,4.2
1813,94.6
1814,1.4
1815,8.4
1816,1.2
1817,0.4
1818,50.8
1819,7.0
1820,29.2
1821,8734.2
1822,6.6
1823,13998.8
1824,32.6
1825,126.2
1826,0.6
1827,8.2
1828,3.8
1829,2.8
1830,0.4
1831,60.6
1832,18.4
1833,3.2
1834,153.6
1835,59.8
1836,0.8
1837,1.4
1838,14.6
1839,1.2
1840,16.8
1841,136.8
1842,0.6
1843,0.2
1844,3.0
1845,249.6
1846,104.0
1847,25.0
1848,11.0
1849,2.0
1850,0.6
1851,5.6
1852,7.6
1853,43.6
1854,31.4
1855,63.2
1856,200.8
1857,3.8
1858,27.6
1859,70.0
1860,311.0
1861,8.4
1862,23.6
1863,8.8
1864,10.8
1865,150.0
1866,0.2
1867,4.0
1868,120.6
1869,6.0
1870,3.0
1871,11.4
1872,26.2
1873,27.8
1874,0.4
1875,3.4
1876,59.4
1877,40.0
1878,0.4
1879,120.2
1880,6.6
1881,6.8
1882,3.8
1883,5.6
1884,45.6
1885,0.2
1886,0.4
1887,1.6
1888,106.8
1889,193.8
1890,12.8
1891,27.2
1892,90.6
1893,681.2
1894,130.0
1895,1.6
1896,4.6
1897,5.6
1898,28.4
1899,5.0
1900,12.6
1901,7.2
1902,30.4
1903,88.8
1904,6.8
1905,74.0
1906,404.6
1907,103.4
1908,74.0
1909,2.8
1910,16.4
1911,22.0
1912,23.6
1913,10.6
1914,38.6
1915,16.4
1916,7.2
1917,3.4
1918,21.8
1919,1.8
1920,126.2
1921,302.4
1922,40.2
1923,0.8
1924,253.6
1925,0.4
1926,1.2
1927,2.2
1928,1.6
1929,42.0
1930,0.0
1931,18.0
1932,19.6
1933,232.4
1934,24.2
1935,10.6
1936,22.4
1937,0.2
1938,5.0
1939,27.2
1940,0.0
1941,3.2
1942,1.2
1943,0.8
1944,5.0
1945,1.4
1946,28.8
1947,49.8
1948,2.0
1949,0.0
1950,10093.6
1951,15.2
1952,72.2
1953,24.0
1954,6.8
1955,35.0
1956,6.8
1957,32.2
1958,1.4
1959,4.4
1960,1.6
1961,69.6
1962,9.6
1963,8.6
1964,8.0
1965,0.8
1966,17.4
1967,15.4
1968,16.0
1969,37.0
1970,54.2
1971,0.2
1972,3.0
1973,4.6
1974,7.6
1975,18.0
1976,0.8
1977,1.0
1978,2.4
1979,15.6
1980,34.0
1981,11.0
1982,1.4
1983,0.4
1984,3.2
1985,42.4
1986,2.0
1987,132.4
1988,31.4
1989,53.4
1990,1.0
1991,1.6
1992,1.8
1993,0.0
1994,40.8
1995,107.0
1996,0.6
1997,12.0
1998,16.2
1999,2.4
2000,61.0
2001,0.0
2002,18.0
2003,2.6
2004,2.0
2005,0.2
2006,430.2
2007,2.2
2008,4.6
2009,12.2
2010,80.6
2011,149.8
2012,82.2
2013,198.0
2014,23.8
2015,5.8
2016,240.4
2017,0.2
2018,79.2
2019,36.4
2020,6.8
2021,4.6
2022,15.2
2023,0.8
2024,6.0
2025,34.4
2026,1.4
2027,59.4
2028,7.2
2029,13.0
2030,5.8
2031,2.8
2032,0.6
2033,0.0
2034,523.6
2035,0.2
2036,0.6
2037,1.2
2038,339.4
2039,9.6
2040,82.4
2041,0.4
2042,0.4
2043,161.2
2044,43.2
2045,2.6
2046,308.4
2047,1.6
2048,1.0
2049,0.0
2050,1.4
2051,36.2
2052,1.6
2053,1.0
2054,53.6
2055,4.8
2056,0.8
2057,1.4
2058,22.2
2059,10.4
2060,56.0
2061,1.0
2062,2.4
2063,78.4
2064,10.6
2065,2.6
2066,4.0
2067,0.2
2068,1.4
2069,83.6
2070,6.6
2071,0.2
2072,116.8
2073,13.0
2074,114.8
2075,3.8
2076,10.2
2077,5.4
2078,27.2
2079,0.6
2080,25.6
2081,7.2
2082,18.2
2083,4.2
2084,14.0
2085,9.2
2086,7.4
2087,1.6
2088,0.0
2089,1.6
2090,2.2
2091,1.2
2092,1.2
2093,3.0
2094,190.6
2095,165.2
2096,35.4
2097,0.4
2098,108.8
2099,0.2
2100,2.4
2101,7.2
2102,2.8
2103,48.4
2104,30.2
2105,11.2
2106,26.6
2107,19.2
2108,9.8
2109,27.6
2110,104.2
2111,28.6
2112,1.2
2113,50.4
2114,6.0
2115,10.8
2116,13.6
2117,13.4
2118,0.2
2119,4.6
2120,164.8
2121,0.2
2122,10.8
2123,24.4
2124,117.6
2125,164.2
2126,3.4
2127,0.2
2128,1.4
2129,5.0
2130,2.0
2131,0.0
2132,47.6
2133,38.8
2134,47.2
2135,0.4
2136,0.4
2137,2.6
2138,2.4
2139,91.6
2140,2.0
2141,98.8
2142,42.4
2143,147.2
2144,3.8
2145,0.0
2146,1.6
2147,133.8
2148,25.6
2149,2.8
2150,34.6
2151,1.2
2152,15.8
2153,1.0
2154,1.6
2155,2.4
2156,4.8
2157,0.6
2158,88.0
2159,0.2
2160,8.8
2161,1.2
2162,6.2
2163,104.2
2164,131.0
2165,9020.8
2166,54.6
2167,4.0
2168,1.2
2169,71.2
2170,104.8
2171,14.8
2172,1.6
2173,9.0
2174,597.6
2175,8.0
2176,4.8
2177,6.2
2178,0.4
2179,610.6
2180,15.4
2181,6.2
2182,17483.6
2183,6.4
2184,22.8
2185,8.4
2186,24.8
2187,15.0
2188,503.6
2189,4.2
2190,482.4
2191,2.4
2192,0.6
2193,18.6
2194,0.6
2195,155.8
2196,0.2
2197,21.8
2198,0.8
2199,0.4
2200,79.2
2201,0.4
2202,12.8
2203,3.2
2204,38.2
2205,113.4
2206,1.8
2207,24.8
2208,1.2
2209,252.4
2210,11.8
2211,35.4
2212,9.6
2213,9.2
2214,3.6
2215,7.4
2216,35.2
2217,19.0
2218,0.2
2219,1.8
2220,26.6
2221,1.2
2222,3.4
2223,10.6
2224,0.4
2225,5.4
2226,1.2
2227,60.6
2228,14.0
2229,17.0
2230,0.8
2231,3.4
2232,8.4
2233,7.0
2234,34.4
2235,1.8
2236,584.2
2237,0.8
2238,3.0
2239,27.6
2240,43.6
2241,7.8
2242,0.8
2243,1.2
2244,41.4
2245,245.6
2246,2.8
2247,21.0
2248,0.8
2249,2.4
2250,1.0
2251,0.6
2252,0.2
2253,16.8
2254,1.4
2255,13.4
2256,5.2
2257,3.4
2258,27.4
2259,39.2
2260,29.6
2261,2.0
2262,28.6
2263,1.4
2264,1.8
2265,10.2
2266,4.4
2267,3.0
2268,0.6
2269,3.8
2270,0.0
2271,19.2
2272,222.4
2273,46.8
2274,17.6
2275,206.4
2276,69.0
2277,247.0
2278,5.2
2279,72.0
2280,0.0
2281,23.8
2282,9.0
2283,57.8
2284,7.0
2285,0.4
2286,6.0
2287,4.2
2288,0.0
2289,2.0
2290,5.0
2291,3.4
2292,31.8
2293,0.8
2294,3.2
2295,2.2
2296,44.2
2297,1.6
2298,9.0
2299,24.4
2300,88.8
2301,2.6
2302,29.6
2303,1.6
2304,0.0
2305,93.0
2306,2.0
2307,114.8
2308,13.2
2309,0.8
2310,4.8
2311,6.8
2312,0.8
2313,9.2
2314,2.8
2315,2.4
2316,6.0
2317,40.8
2318,13.2
2319,47.0
2320,3.2
2321,26.2
2322,1.8
2323,728.0
2324,6.2
2325,79.4
2326,1.6
2327,350.2
2328,1.0
2329,15.6
2330,6.2
2331,4.8
2332,8.2
2333,3.4
2334,1.4
2335,6.8
2336,6.2
2337,39.2
2338,4.4
2339,78.8
2340,12.6
2341,7.4
2342,2.0
2343,18.4
2344,7.0
2345,10.0
2346,45.8
2347,3.2
2348,9.2
2349,10.0
2350,9.8
2351,19.8
2352,238.0
2353,0.0
2354,6.4
2355,7.4
2356,0.4
2357,2.8
2358,0.0
2359,6.0
2360,0.4
2361,0.0
2362,19.0
2363,7.4
2364,21.0
2365,4.8
2366,5.0
2367,0.6
2368,59.4
2369,4.4
2370,6.2
2371,36.8
2372,109.0
2373,1.4
2374,39.6
2375,58.0
2376,9.4
2377,63.8
2378,25.4
2379,12.8
2380,11.6
2381,38.2
2382,3.4
2383,4.6
2384,109.0
2385,53.6
2386,23.4
2387,7.4
2388,8.2
2389,22.8
2390,10.4
2391,5974.2
2392,31.4
2393,44.0
2394,29.8
2395,1.0
2396,2.0
2397,7.0
2398,876.2
2399,125.6
2400,18.0
2401,1.8
2402,5.0
2403,2.8
2404,19.0
2405,0.2
2406,0.2
2407,14.6
2408,0.6
2409,3.8
2410,125.8
2411,22.0
2412,63.2
2413,7.4
2414,180.2
2415,3.6
2416,9.4
2417,59.6
2418,342.4
2419,7.4
2420,0.8
2421,5.8
2422,1.4
2423,5.4
2424,31.8
2425,1.2
2426,9.6
2427,14.8
2428,37.0
2429,0.2
2430,212.0
2431,7.2
2432,8.4
2433,0.8
2434,4.8
2435,35.0
2436,235.0
2437,92.6
2438,4.4
2439,4.2
2440,705.6
2441,0.8
2442,3.0
2443,3.6
2444,1.0
2445,8.8
2446,182.4
2447,0.2
2448,81.8
2449,33.8
2450,34.2
2451,26.8
2452,1.0
2453,86.2
2454,5.4
2455,19.8
2456,6.8
2457,2.8
2458,0.2
2459,1.2
2460,1056.2
2461,14.6
2462,10.8
2463,2.4
2464,2.6
2465,0.4
2466,9.6
2467,15.0
2468,46.0
2469,0.4
2470,2.2
2471,2.0
2472,11.8
2473,3.0
2474,39.0
2475,5.6
2476,1.6
2477,360.8
2478,16.2
2479,176.2
2480,14.6
2481,0.6
2482,15.6
2483,0.4
2484,36.8
2485,151.2
2486,4.2
2487,12.0
2488,4.6
2489,0.8
2490,1.4
2491,3.2
2492,4.4
2493,475.0
2494,34.0
2495,13.6
2496,18.6
2497,6.4
2498,0.8
2499,12.6
2500,86.6
2501,4.8
2502,64.4
2503,103.2
2504,486.6
2505,8.4
2506,183.6
2507,0.8
2508,0.2
2509,28.8
2510,4.2
2511,23.8
2512,18.2
2513,1.8
2514,309.6
2515,12.8
2516,1.2
2517,26.4
2518,2.2
2519,63.0
2520,2.2
2521,4.6
2522,300.8
2523,76.4
2524,0.4
2525,0.6
2526,1.4
2527,1.2
2528,36.8
2529,1.6
2530,17.0
2531,2.2
2532,185.0
2533,2.8
2534,11.6
2535,20.8
2536,55.8
2537,6.4
2538,4.0
2539,10.6
2540,11.6
2541,22.6
2542,6.6
2543,8.8
2544,31.0
2545,5.6
2546,212.8
2547,14.4
2548,4.2
2549,1.0
2550,77.4
2551,8.0
2552,42.4
2553,35.2
2554,10.2
2555,0.0
2556,3.0
2557,135.8
2558,0.8
2559,13.2
2560,10.2
2561,5.0
2562,0.8
2563,4.4
2564,11.8
2565,1.4
2566,412.8
2567,2.4
2568,0.6
2569,3.0
2570,20.8
2571,19.0
2572,0.0
2573,86.2
2574,8.0
2575,1.2
2576,0.0
2577,7.4
2578,153.0
2579,27.2
2580,4.0
2581,0.4
2582,95.0
2583,7.8
2584,51.2
2585,0.8
2586,2.6
2587,4.8
2588,71.8
2589,10.4
2590,31.2
2591,45.0
2592,2.6
2593,5.2
2594,11.4
2595,3.4
2596,9.2
2597,0.2
2598,1.4
2599,1.6
2600,2.6
2601,7.4
2602,0.8
2603,44.0
2604,10.6
2605,55.2
2606,25.6
2607,410.0
2608,5.6
2609,43.0
2610,0.4
2611,352.8
2612,258.0
2613,4.0
2614,0.4
2615,11.0
2616,19.0
2617,78.8
2618,12.8
2619,31.4
2620,21.6
2621,37.2
2622,6.6
2623,2.2
2624,11.0
2625,0.0
2626,1.2
2627,13.6
2628,17.4
2629,67.4
2630,0.4
2631,6.2
2632,8.0
2633,0.2
2634,102.6
2635,93.4
2636,15.2
2637,15.4
2638,7.2
2639,3.0
2640,5.6
2641,2.0
2642,20.8
2643,2.0
2644,7.6
2645,2.2
2646,38.2
2647,472.4
2648,1.2
2649,24.2
2650,117.2
2651,24.4
2652,5.4
2653,45.6
2654,1.8
2655,3.8
2656,62.0
2657,4.2
2658,18.8
2659,11.6
2660,65.8
2661,17.4
2662,135.6
2663,2.2
2664,2.2
2665,1.4
2666,705.2
2667,51.0
2668,1.2
2669,96.2
2670,2.0
2671,68.0
2672,17.2
2673,5.0
2674,9.8
2675,75.4
2676,13.2
2677,13.8
2678,0.0
2679,10.4
2680,0.8
2681,10.0
2682,33.0
2683,1.2
2684,3.6
2685,100.2
2686,27.0
2687,17.2
2688,10.2
2689,12.4
2690,10.8
2691,132.2
2692,2.6
2693,2.2
2694,1.4
2695,39.6
2696,5.8
2697,14.6
2698,29.8
2699,4.0
2700,8.0
2701,102.8
2702,69.2
2703,8.8
2704,0.6
2705,2.6
2706,1.0
2707,8.8
2708,5.0
2709,44.6
2710,0.4
2711,2.4
2712,9.2
2713,336.2
2714,2.0
2715,361.2
2716,82.8
2717,6.2
2718,1.0
2719,0.8
2720,2.0
2721,272.4
2722,44.0
2723,0.0
2724,0.2
2725,39.0
2726,19.0
2727,0.4
2728,4.2
2729,0.2
2730,13.4
2731,4.0
2732,31.8
2733,5.8
2734,28.6
2735,4.4
2736,0.8
2737,0.6
2738,34.6
2739,13.6
2740,0.4
2741,8.4
2742,4.0
2743,3.4
2744,7.4
2745,0.2
2746,47.2
2747,4.6
2748,1.4
2749,0.0
2750,10.2
2751,93.2
2752,2.2
2753,34.0
2754,113.2
2755,3.4
2756,10.4
2757,55.8
2758,11.0
2759,8.2
2760,2.2
2761,68.0
2762,35.0
2763,80.2
2764,1.6
2765,119.2
2766,0.4
2767,3.8
2768,6.4
2769,16.6
2770,12.6
2771,18973.6
2772,31.6
2773,10.4
2774,6.2
2775,3.0
2776,1.0
2777,2.8
2778,2.4
2779,2.4
2780,23.4
2781,1002.8
2782,5.4
2783,3.6
2784,33.4
2785,136.6
2786,0.2
2787,2.6
2788,7.6
2789,20.2
2790,0.8
2791,99.6
2792,80.4
2793,3.4
2794,2.2
2795,3.8
2796,293.8
2797,0.0
2798,5.4
2799,9.8
2800,28.6
2801,287.0
2802,2.4
2803,0.6
2804,13.8
2805,1.4
2806,5.8
2807,14.0
2808,858.4
2809,0.0
2810,53.0
2811,4.4
2812,1.4
2813,11.6
2814,66.6
2815,28.0
2816,11.0
2817,172.2
2818,0.4
2819,6.8
2820,8.2
2821,0.6
2822,196.8
2823,0.0
2824,156.4
2825,81.4
2826,6.2
2827,6.8
2828,10.0
2829,1.4
2830,9.4
2831,3.0
2832,10.6
2833,1.4
2834,6.2
2835,4.4
2836,58.2
2837,1.8
2838,0.8
2839,52.6
2840,45.8
2841,0.2
2842,0.2
2843,1.6
2844,6.4
2845,8.8
2846,1.8
2847,27.2
2848,1.4
2849,50.0
2850,1.0
2851,1.8
2852,1.0
2853,40.2
2854,14.8
2855,38.6
2856,84.6
2857,0.8
2858,0.4
2859,5.8
2860,1.0
2861,19.4
2862,0.8
2863,9.2
2864,38.4
2865,61.6
2866,3.6
2867,571.0
2868,31.8
2869,12.4
2870,0.4
2871,84.4
2872,25.6
2873,143.6
2874,0.4
2875,6.4
2876,4.2
2877,1.6
2878,17347.0
2879,39.6
2880,3.0
2881,21.6
2882,42.0
2883,44.0
2884,28.6
2885,47.6
2886,1.2
2887,38.0
2888,1.2
2889,30.6
2890,21.6
2891,146.2
2892,77.6
2893,0.4
2894,149.4
2895,324.6
2896,4.4
2897,39.6
2898,98.0
2899,4.2
2900,71.6
2901,14.4
2902,6.2
2903,4.2
2904,18.6
2905,12.2
2906,12.6
2907,32.0
2908,6.6
2909,51.0
2910,190.8
2911,0.4
2912,13.2
2913,6.6
2914,1.2
2915,2.4
2916,12.4
2917,0.0
2918,31.6
2919,765.8
2920,126.6
2921,55.8
2922,5.8
2923,0.6
2924,162.4
2925,2.8
2926,16.2
2927,58.2
2928,85.6
2929,4.0
2930,85.8
2931,36.4
2932,24.6
2933,4.4
2934,2.6
2935,0.2
2936,1.8
2937,2.8
2938,29.0
2939,0.2
2940,3.4
2941,52.4
2942,36.6
2943,0.0
2944,36.8
2945,1.0
2946,374.2
2947,0.8
2948,51.2
2949,165.4
2950,1.4
2951,15.8
2952,26.8
2953,322.4
2954,20.0
2955,4.4
2956,272.0
2957,74.2
2958,35.0
2959,40.4
2960,6.0
2961,69.0
2962,11.0
2963,1.0
2964,2.0
2965,0.2
2966,218.0
2967,1.8
2968,5.8
2969,5.2
2970,15.6
2971,1.6
2972,0.4
2973,6.2
2974,91.6
2975,245.2
2976,15.4
2977,13.2
2978,27.4
2979,137.6
2980,493.0
2981,52.2
2982,1.0
2983,5.6
2984,14.8
2985,50.6
2986,679.8
2987,35.0
2988,9.6
2989,0.4
2990,2.2
2991,1.8
2992,46.4
2993,322.0
2994,3.4
2995,34.4
2996,2.6
2997,25.4
2998,2.6
2999,10.0
3000,1.8
3001,2.8
3002,1.2
3003,14.6
3004,2.8
3005,94.0
3006,0.4
3007,19.4
3008,81.6
3009,4.0
3010,0.4
3011,5.6
3012,0.8
3013,21.4
3014,33.0
3015,191.6
3016,4.2
3017,23.6
3018,7.8
3019,1.4
3020,6.4
3021,86.8
3022,5.8
3023,47.6
3024,4.0
3025,3.6
3026,2.2
3027,11.0
3028,31.4
3029,24.6
3030,36.4
3031,0.4
3032,21.8
3033,56.6
3034,12.0
3035,1.8
3036,13.4
3037,2.6
3038,7.6
3039,7.8
3040,0.4
3041,0.4
3042,2.2
3043,1.2
3044,15.6
3045,1.0
3046,15.2
3047,3.6
3048,197.6
3049,241.2
3050,8.8
3051,128.8
3052,1.0
3053,14.6
3054,0.0
3055,330.2
3056,1.2
3057,0.4
3058,1.8
3059,639.2
3060,1.0
3061,3.0
3062,33.2
3063,23.4
3064,1.0
3065,3.2
3066,82.2
3067,29.2
3068,2.0
3069,4.8
3070,16.0
3071,101.2
3072,0.2
3073,58.0
3074,335.6
3075,1.2
3076,9.8
3077,0.2
3078,30.4
3079,1.4
3080,0.2
3081,150.8
3082,5.6
3083,0.0
3084,17.0
3085,59.4
3086,6.6
3087,0.4
3088,23.8
3089,0.4
3090,0.0
3091,10.8
3092,19.4
3093,17.2
3094,68.0
3095,10.0
3096,1.4
3097,61.0
3098,15.0
3099,40.4
3100,97.8
3101,4.4
3102,3.2
3103,6.6
3104,12.0
3105,0.2
3106,34.4
3107,3.4
3108,47.2
3109,0.2
3110,23.6
3111,3.0
3112,6.4
3113,0.2
3114,0.4
3115,71.0
3116,887.0
3117,17.8
3118,1.8
3119,1.8
3120,76.6
3121,106.8
3122,7.2
3123,10.2
3124,42.0
3125,18.6
3126,1.0
3127,8.4
3128,1.6
3129,20.6
3130,22408.0
3131,0.6
3132,2.8
3133,457.2
3134,323.6
3135,13.2
3136,112.6
3137,21.8
3138,1.8
3139,0.0
3140,10.2
3141,36.2
3142,12.4
3143,2.6
3144,0.8
3145,4.6
3146,2.8
3147,40.2
3148,0.4
3149,7.8
3150,2.4
3151,6.8
3152,0.8
3153,7.4
3154,5.4
3155,18.2
3156,81.8
3157,8.6
3158,12.0
3159,5.4
3160,158.8
3161,94.2
3162,0.2
3163,60.0
3164,28.2
3165,7.8
3166,3.2
3167,56.8
3168,141.2
3169,0.6
3170,9.4
3171,8.2
3172,7.4
3173,0.6
3174,3.8
3175,9.2
3176,48.8
3177,24.8
3178,3.8
3179,26.8
3180,29.2
3181,240.6
3182,9.0
3183,14.0
3184,2.0
3185,11.4
3186,1.2
3187,4.8
3188,26.0
3189,1.8
3190,6.8
3191,87.8
3192,1.2
3193,7.6
3194,0.0
3195,24.0
3196,54.2
3197,68.4
3198,3.8
3199,3.8
3200,499.2
3201,186.6
3202,2.8
3203,0.6
3204,47.2
3205,293.6
3206,0.0
3207,7.2
3208,1.2
3209,1.0
3210,0.6
3211,1.2
3212,3.6
3213,0.4
3214,0.4
3215,1.0
3216,89.0
3217,4.4
3218,450.2
3219,49.0
3220,0.4
3221,34.2
3222,108.0
3223,2.8
3224,5.4
3225,18.6
3226,2.6
3227,0.2
3228,0.8
3229,0.6
3230,29.2
3231,25.8
3232,380.4
3233,1.8
3234,0.4
3235,105.6
3236,30.4
3237,14.0
3238,81.6
3239,3.6
3240,6.8
3241,2.8
3242,10.4
3243,11.8
3244,54.4
3245,3.2
3246,23.0
3247,0.6
3248,8.4
3249,60.8
3250,2.0
3251,8.4
3252,158.0
3253,26.2
3254,2.2
3255,4.2
3256,0.6
3257,105.0
3258,1.4
3259,501.6
3260,15.4
3261,10.4
3262,14.6
3263,17.4
3264,5.2
3265,13.0
3266,58.4
3267,3.0
3268,2.6
3269,10.0
3270,0.4
3271,3.2
3272,4.4
3273,3.4
3274,42.2
3275,0.2
3276,7.0
3277,172.0
3278,1.4
3279,0.0
3280,110.2
3281,14.2
3282,36.6
3283,4.2
3284,2.0
3285,30.0
3286,0.6
3287,52.4
3288,16.8
3289,3.8
3290,16.0
3291,6.0
3292,2.6
3293,4.6
3294,0.2
3295,14.8
3296,62.0
3297,2.8
3298,6.0
3299,3.0
3300,0.2
3301,24.0
3302,3.6
3303,24.6
3304,28.0
3305,189.8
3306,35.6
3307,24.4
3308,68.0
3309,1.2
3310,314.0
3311,1.8
3312,249.4
3313,4.8
3314,6.8
3315,1.0
3316,4.0
3317,4.0
3318,0.2
3319,5.6
3320,4.8
3321,2.6
3322,2.2
3323,40.6
3324,32.8
3325,40.6
3326,42.2
3327,2.4
3328,23.2
3329,9.6
3330,0.0
3331,99.0
3332,1.8
3333,0.4
3334,3.0
3335,7.8
3336,14.8
3337,2.8
3338,134.4
3339,17.8
3340,44.2
3341,1399.0
3342,2.2
3343,251.8
3344,174.0
3345,420.0
3346,6.2
3347,3.8
3348,0.4
3349,30.8
3350,30.6
3351,6.0
3352,0.4
3353,460.2
3354,18.6
3355,0.2
3356,53.4
3357,7.6
3358,24973.0
3359,1.2
3360,11.0
3361,23.8
3362,17.8
3363,2.0
3364,15.0
3365,17.8
3366,125.6
3367,28.6
3368,24.2
3369,1.4
3370,0.4
3371,15.8
3372,0.0
3373,0.6
3374,4.8
3375,327.0
3376,425.2
3377,75.8
3378,12.0
3379,0.2
3380,2.0
3381,13.2
3382,2.6
3383,4.4
3384,0.2
3385,1.2
3386,1.0
3387,9.2
3388,0.4
3389,7.0
3390,2.6
3391,21.0
3392,35.8
3393,4.8
3394,5.8
3395,7.2
3396,3.2
3397,1.2
3398,9.6
3399,17.0
3400,151.6
3401,39.6
3402,31.0
3403,0.0
3404,6.2
3405,70.6
3406,1.4
3407,12.2
3408,366.2
3409,116.6
3410,4.0
3411,0.2
3412,0.2
3413,8.8
3414,10.8
3415,20.8
3416,21.4
3417,4.4
3418,0.6
3419,0.0
3420,10.6
3421,0.2
3422,7.4
3423,14.2
3424,142.6
3425,8.8
3426,5.6
3427,4.6
3428,1.2
3429,11.4
3430,38.2
3431,5.8
3432,68.8
3433,15.2
3434,3.2
3435,4.6
3436,1.2
3437,0.4
3438,93.4
3439,24.8
3440,54.6
3441,49.4
3442,133.6
3443,0.0
3444,153.0
3445,27.4
3446,0.0
3447,4.2
3448,2.6
3449,126.4
3450,9.2
3451,12256.8
3452,211.2
3453,7.8
3454,2.0
3455,41.2
3456,8.4
3457,0.0
3458,0.0
3459,45.8
3460,16.2
3461,6512.4
3462,179.6
3463,54.2
3464,2.8
3465,0.8
3466,183.4
3467,12.8
3468,4.4
3469,97.4
3470,10.2
3471,22.4
3472,50.0
3473,1.8
3474,13.4
3475,27.2
3476,45.2
3477,2.0
3478,2.2
3479,20.0
3480,464.0
3481,14.8
3482,1.2
3483,137.6
3484,9.8
3485,0.6
3486,0.0
3487,8.2
3488,91.4
3489,0.2
3490,11.6
3491,0.2
3492,10.8
3493,0.2
3494,0.6
3495,0.6
3496,19.6
3497,14.4
3498,1.6
3499,14.6
3500,0.0
3501,696.6
3502,3.2
3503,1.4
3504,0.2
3505,155.8
3506,199.2
3507,1.4
3508,1.8
3509,4.4
3510,8.4
3511,0.0
3512,0.4
3513,362.8
3514,53.8
3515,45.6
3516,7.6
3517,38.2
3518,2.0
3519,9.6
3520,0.4
3521,77.0
3522,145.0
3523,1.4
3524,4.0
3525,2.6
3526,61.8
3527,127.8
3528,21.8
3529,0.8
3530,14.2
3531,4.0
3532,5.2
3533,0.4
3534,44.8
3535,14.2
3536,11.2
3537,10.4
3538,23.4
3539,19.0
3540,6.0
3541,29.6
3542,5.2
3543,16.8
3544,1.2
3545,0.8
3546,4.2
3547,1.2
3548,10.0
3549,133.4
3550,36.0
3551,176.0
3552,7.4
3553,97.6
3554,37.8
3555,10.4
3556,2.8
3557,88.8
3558,0.0
3559,10.4
3560,0.0
3561,1636.8
3562,744.8
3563,4.0
3564,2.6
3565,2.2
3566,269.4
3567,0.2
3568,49.6
3569,6.6
3570,7.2
3571,0.6
3572,44.2
3573,1.8
3574,1.6
3575,0.4
3576,5.4
3577,5.0
3578,12.4
3579,23.6
3580,1.0
3581,3.6
3582,8.6
3583,26.4
3584,80.6
3585,36.2
3586,25.4
3587,88.0
3588,53.8
3589,3.4
3590,8.2
3591,6.4
3592,0.2
3593,6.6
3594,12.6
3595,1.0
3596,440.0
3597,209.8
3598,0.4
3599,351.4
3600,0.0
3601,13.2
3602,7.6
3603,0.4
3604,39.6
3605,0.6
3606,81.0
3607,91.8
3608,15.6
3609,1.0
3610,1.4
3611,128.4
3612,7.2
3613,6.4
3614,8.8
3615,7.0
3616,31.8
3617,581.8
3618,11.8
3619,0.4
3620,0.0
3621,1.2
3622,2.0
3623,48.4
3624,0.6
3625,1.4
3626,0.2
3627,0.6
3628,29.8
3629,0.0
3630,48.6
3631,23.6
3632,5.2
3633,53.4
3634,2.8
3635,1.2
3636,3.8
3637,10.4
3638,2.2
3639,17.0
3640,45.8
3641,15.6
3642,18.6
3643,29.6
3644,0.4
3645,4.8
3646,1.6
3647,957.2
3648,3.8
3649,28.2
3650,32.0
3651,10.0
3652,35.4
3653,0.4
3654,58.4
3655,11.6
3656,46.2
3657,1.0
3658,21.0
3659,6.6
3660,0.8
3661,105.2
3662,6.2
3663,138.4
3664,73.8
3665,2.4
3666,43.2
3667,0.2
3668,0.4
3669,2.0
3670,5.0
3671,1.2
3672,7.2
3673,0.2
3674,62.6
3675,0.2
3676,15.4
3677,5.0
3678,73.4
3679,2.6
3680,7.6
3681,4.2
3682,288.2
3683,7.4
3684,21.6
3685,15.8
3686,43.6
3687,1.8
3688,7.8
3689,3.0
3690,405.0
3691,32.2
3692,1.2
3693,0.0
3694,7.4
3695,0.8
3696,9.2
3697,0.0
3698,1.6
3699,18.6
3700,342.4
3701,18.6
3702,179.2
3703,1.6
3704,9.8
3705,5.6
3706,11.8
3707,1.2
3708,11.4
3709,50.8
3710,0.0
3711,2.0
3712,8.2
3713,2.8
3714,4.2
3715,1.0
3716,0.4
3717,0.4
3718,7.4
3719,3.0
3720,7.6
3721,11.8
3722,5.4
3723,1.4
3724,532.6
3725,1.8
3726,3.2
3727,40.6
3728,97.0
3729,44.2
3730,72.4
3731,11.8
3732,9.4
3733,1.6
3734,25.2
3735,737.0
3736,11654.2
3737,10.8
3738,90.0
3739,2.8
3740,31.6
3741,188.0
3742,9.6
3743,8.4
3744,2.0
3745,6.4
3746,5.2
3747,57.6
3748,27.2
3749,41.2
3750,0.2
3751,28.8
3752,6.8
3753,0.2
3754,0.6
3755,0.6
3756,45.4
3757,2.4
3758,3.2
3759,0.8
3760,4.8
3761,0.2
3762,16.0
3763,111.0
3764,16.4
3765,1.2
3766,2.4
3767,23.6
3768,2.4
3769,18.2
3770,18.4
3771,2.6
3772,3.0
3773,30.4
3774,9.8
3775,1.0
3776,10.0
3777,407.0
3778,35.6
3779,20.8
3780,21113.8
3781,12.4
3782,26.4
3783,1.4
3784,0.0
3785,6.0
3786,20.0
3787,3.6
3788,249.8
3789,2.2
3790,138.6
3791,4.2
3792,50.6
3793,8.4
3794,62.0
3795,69.4
3796,48.2
3797,63.0
3798,2.0
3799,1.2
3800,18.6
3801,5.0
3802,10.6
3803,46.2
3804,44.6
3805,462.4
3806,54.4
3807,9.4
3808,0.6
3809,1.0
3810,17.6
3811,45.8
3812,11.4
3813,4.8
3814,39.2
3815,0.8
3816,3.8
3817,12.4
3818,132.0
3819,55.8
3820,66.6
3821,7.8
3822,1.0
3823,1.2
3824,28.2
3825,4482.2
3826,4.6
3827,52.0
3828,36.6
3829,59.4
3830,3.6
3831,74.2
3832,1.0
3833,157.4
3834,78.8
3835,5.8
3836,1.4
3837,46.8
3838,66.6
3839,1.0
3840,24.0
3841,1.0
3842,30.8
3843,6.0
3844,5.0
3845,1.2
3846,0.2
3847,17.4
3848,0.4
3849,13.6
3850,3.4
3851,11.6
3852,2.4
3853,13.6
3854,17.6
3855,62.6
3856,47.0
3857,14.4
3858,14.8
3859,55.8
3860,6.2
3861,36.8
3862,0.6
3863,60.0
3864,0.8
3865,22.0
3866,20.2
3867,0.4
3868,118.6
3869,0.2
3870,35.2
3871,1.0
3872,1.4
3873,1.6
3874,4.8
3875,56.4
3876,8067.8
3877,27.6
3878,7.4
3879,134.8
3880,1.2
3881,6.0
3882,1.8
3883,1.6
3884,13.4
3885,10.8
3886,0.4
3887,20.0
3888,0.0
3889,15.2
3890,14.0
3891,0.2
3892,16.2
3893,172.8
3894,0.0
3895,40.2
3896,33.6
3897,27.0
3898,248.8
3899,43.8
3900,1.6
3901,14991.6
3902,0.2
3903,0.8
3904,3.8
3905,6.0
3906,35.8
3907,4.4
3908,5.0
3909,59.4
3910,0.2
3911,0.8
3912,19.4
3913,5.2
3914,44.6
3915,0.6
3916,213.6
3917,0.4
3918,38.2
3919,8.8
3920,1.4
3921,429.2
3922,11.6
3923,3.4
3924,32.8
3925,0.0
3926,0.0
3927,37.6
3928,1.4
3929,1.4
3930,28.4
3931,39.2
3932,1.2
3933,37.0
3934,413.6
3935,2.0
3936,0.4
3937,3.0
3938,1.2
3939,632.8
3940,36.8
3941,2.8
3942,0.6
3943,1.4
3944,30.8
3945,22.8
3946,32.2
3947,0.8
3948,2.2
3949,38.6
3950,0.2
3951,3.2
3952,76.2
3953,9.6
3954,3.6
3955,1.0
3956,6.0
3957,1.0
3958,1.2
3959,0.4
3960,3.8
3961,916.6
3962,46.0
3963,1.2
3964,4.0
3965,130.0
3966,0.4
3967,36.0
3968,58.6
3969,48.6
3970,173.8
3971,6.2
3972,69.2
3973,333.2
3974,2.8
3975,3.2
3976,10.4
3977,1.2
3978,14.6
3979,3.8
3980,10.6
3981,6.0
3982,4.0
3983,4.4
3984,16.0
3985,0.2
3986,2.0
3987,1.8
3988,71.4
3989,19.4
3990,0.8
3991,0.6
3992,7.8
3993,0.8
3994,6.0
3995,7.8
3996,0.2
3997,159.0
3998,1.2
3999,201.6
4000,48.2
4001,1.0
4002,198.4
4003,2.0
4004,0.2
4005,1.0
4006,4.4
4007,122.4
4008,1.6
4009,28.4
4010,58.2
4011,0.6
4012,0.8
4013,1.0
4014,152.2
4015,0.2
4016,10.6
4017,52.4
4018,357.4
4019,1.4
4020,10.6
4021,66.6
4022,20.6
4023,54.0
4024,41.6
4025,59.0
4026,17.0
4027,1.2
4028,80.4
4029,42.0
4030,19.6
4031,637.8
4032,7.8
4033,657.0
4034,13.0
4035,46.2
4036,20.0
4037,0.8
4038,7.6
4039,1.8
4040,63.2
4041,10.4
4042,0.2
4043,31.0
4044,325.8
4045,3.2
4046,0.2
4047,4.8
4048,69.2
4049,5.6
4050,68.4
4051,34.2
4052,20.6
4053,1.2
4054,1.6
4055,1.2
4056,11.8
4057,10.8
4058,45.2
4059,16.8
4060,546.6
4061,0.4
4062,123.8
4063,5.4
4064,1.4
4065,7145.8
4066,181.4
4067,5.8
4068,32.0
4069,8.8
4070,3.6
4071,1.0
4072,6.2
4073,1.8
4074,6.2
4075,9.4
4076,16.4
4077,2.4
4078,8.2
4079,19.4
4080,78.2
4081,502.4
4082,8.4
4083,0.6
4084,188.0
4085,21.0
4086,0.8
4087,3.0
4088,23.2
4089,20.6
4090,1.8
4091,33.0
4092,9.2
4093,28.4
4094,81.2
4095,0.8
4096,12.2
4097,10.8
4098,76.4
4099,1.4
4100,1.2
4101,3.2
4102,74.0
4103,61.2
4104,29.2
4105,4.0
4106,45.4
4107,1.2
4108,4.2
4109,84.0
4110,0.0
4111,29.0
4112,30.6
4113,1.6
4114,1.2
4115,3.4
4116,16.2
4117,14.0
4118,26.0
4119,1.4
4120,6.0
4121,1.0
4122,64.2
4123,5.2
4124,62.8
4125,0.0
4126,12.2
4127,299.6
4128,1.2
4129,8.8
4130,64.6
4131,1.0
4132,12.4
4133,5.0
4134,74.4
4135,1.2
4136,2.2
4137,1.2
4138,11.2
4139,0.2
4140,580.8
4141,27.4
4142,2.4
4143,1.2
4144,2.4
4145,0.2
4146,5.8
4147,6.2
4148,100.4
4149,15.4
4150,1.8
4151,17.2
4152,2.8
4153,19.0
4154,2.0
4155,3.8
4156,7.2
4157,42.2
4158,6.4
4159,4.2
4160,2.6
4161,14.2
4162,1.6
4163,11.0
4164,49.8
4165,62.4
4166,58.4
4167,5.8
4168,55.2
4169,56.2
4170,5.0
4171,7.4
4172,1.4
4173,0.0
4174,72.8
4175,11.4
4176,0.4
4177,0.8
4178,80.2
4179,18.4
4180,87.8
4181,22.2
4182,20.2
4183,0.4
4184,8.8
4185,2.4
4186,1.4
4187,3.2
4188,186.8
4189,6.2
4190,3.2
4191,2.2
4192,3.4
4193,6.0
4194,14.0
4195,13.0
4196,28.4
4197,23.8
4198,9.2
4199,2.4
4200,2.4
4201,78.0
4202,298.8
4203,108.0
4204,0.2
4205,3.4
4206,3.0
4207,11.2
4208,24.8
4209,26.6
4210,0.4
4211,56.4
4212,7.0
4213,0.0
4214,6.8
4215,51.6
4216,6.0
4217,129.4
4218,1.0
4219,10.0
4220,368.8
4221,1.2
4222,4.8
4223,2.2
4224,22.8
4225,51.8
4226,43.6
4227,40.0
4228,4.8
4229,13.8
4230,18.2
4231,18.8
4232,19.6
4233,26.2
4234,0.6
4235,222.4
4236,131.2
4237,23.0
4238,18.6
4239,607.8
4240,19.8
4241,2.0
4242,89.8
4243,1.2
4244,16.0
4245,20.8
4246,16.4
4247,6.0
4248,11.8
4249,7.6
4250,1.0
4251,3.0
4252,104.4
4253,205.0
4254,5.6
4255,178.4
4256,78.0
4257,36.2
4258,1.8
4259,0.0
4260,20.4
4261,0.2
4262,7.0
4263,6.4
4264,0.8
4265,6.0
4266,9.6
4267,2.4
4268,7.0
4269,174.2
4270,10.2
4271,12.8
4272,2.8
4273,18.2
4274,16.6
4275,5.4
4276,159.0
4277,8.2
4278,212.2
4279,28.6
4280,14.2
4281,3.0
4282,2.4
4283,90.4
4284,0.4
4285,7.6
4286,2.6
4287,13.6
4288,68.8
4289,4.8
4290,3.4
4291,4.0
4292,65.4
4293,291.4
4294,382.6
4295,43.8
4296,64.2
4297,1.8
4298,20.4
4299,4.2
4300,2.6
4301,1.0
4302,12.4
4303,7.8
4304,15.6
4305,0.8
4306,1.2
4307,548.2
4308,3.8
4309,76.0
4310,63.8
4311,1.6
4312,93.2
4313,171.8
4314,19.8
4315,1.8
4316,996.4
4317,3.2
4318,2.0
4319,44.2
4320,0.6
4321,10.2
4322,12.6
4323,10.0
4324,1.6
4325,25.0
4326,5.2
4327,8.4
4328,1537.4
4329,194.8
4330,12.2
4331,4.6
4332,0.8
4333,43.2
4334,1.4
4335,103.4
4336,6.6
4337,4.0
4338,47.0
4339,1.2
4340,18.4
4341,51.6
4342,25.6
4343,75.4
4344,11094.6
4345,34.0
4346,7.0
4347,63.8
4348,45.8
4349,2.0
4350,2.6
4351,1.8
4352,0.8
4353,1.0
4354,3.4
4355,23.6
4356,2.8
4357,21.4
4358,1.6
4359,35.6
4360,63.4
4361,4.0
4362,475.4
4363,0.0
4364,3.4
4365,532.2
4366,9.8
4367,4.4
4368,4.2
4369,40.6
4370,3.2
4371,74.0
4372,5.0
4373,76.4
4374,1.6
4375,0.6
4376,58.2
4377,5.0
4378,2.8
4379,29.2
4380,1.4
4381,18.0
4382,5.2
4383,8.8
4384,13.4
4385,0.4
4386,18.8
4387,12264.8
4388,1.0
4389,28.6
4390,90.0
4391,15.6
4392,12.6
4393,1.0
4394,389.8
4395,7.6
4396,2.0
4397,16.4
4398,28.2
4399,277.0
4400,54.0
4401,45.0
4402,1.2
4403,16.6
4404,5.0
4405,9.8
4406,4.2
4407,0.8
4408,216.8
4409,2.8
4410,1.2
4411,2.2
4412,34.0
4413,0.0
4414,7.4
4415,59.0
4416,3.0
4417,19.6
4418,48.8
4419,58.0
4420,55.2
4421,5626.8
4422,11.0
4423,22.2
4424,1.6
4425,7461.6
4426,30.2
4427,2.2
4428,49.2
4429,10.2
4430,5.6
4431,3.2
4432,46.0
4433,1.4
4434,28.6
4435,4.0
4436,1.2
4437,51.2
4438,19.6
4439,3.4
4440,6.8
4441,0.6
4442,1.2
4443,122.6
4444,99.8
4445,8.0
4446,3.0
4447,21.0
4448,0.4
4449,15.2
4450,0.6
4451,86.0
4452,0.2
4453,4.8
4454,1.2
4455,1.6
4456,1.0
4457,40.8
4458,0.6
4459,91.2
4460,1.0
4461,13.0
4462,2.2
4463,5.6
4464,34.0
4465,0.2
4466,49.6
4467,136.2
4468,8.2
4469,2.4
4470,14.0
4471,84.6
4472,58.0
4473,11.6
4474,1.6
4475,2.2
4476,20.0
4477,38.6
4478,1.0
4479,2.0
4480,49.8
4481,0.4
4482,3.4
4483,45.0
4484,9.2
4485,2.6
4486,209.6
4487,4.2
4488,34.4
4489,0.2
4490,3.0
4491,116.6
4492,0.2
4493,0.2
4494,1.6
4495,12.0
4496,37.6
4497,89.2
4498,64.4
4499,28.0
4500,20.2
4501,61.2
4502,11.2
4503,30.6
4504,6.4
4505,99.6
4506,0.4
4507,3.8
4508,81.4
4509,32.2
4510,11.4
4511,3.2
4512,0.2
4513,0.8
4514,16.4
4515,210.4
4516,15.0
4517,7.6
4518,3.0
4519,0.0
4520,4.4
4521,1326.0
4522,0.6
4523,6.2
4524,38.6
4525,37.2
4526,263.8
4527,9.0
4528,31.6
4529,0.6
4530,4.0
4531,221.8
4532,28.6
4533,360.8
4534,13.2
4535,0.2
4536,9.0
4537,0.4
4538,1.0
4539,94.0
4540,14.2
4541,2.2
4542,141.8
4543,13.4
4544,32.2
4545,0.0
4546,40.6
4547,19.4
4548,25648.2
4549,102.6
4550,67.6
4551,10.0
4552,62.8
4553,1.6
4554,43.0
4555,5.2
4556,8.6
4557,6.0
4558,2.4
4559,0.4
4560,124.6
4561,1.2
4562,27.8
4563,0.0
4564,0.2
4565,36.0
4566,1.6
4567,4.6
4568,10.8
4569,8601.2
4570,35.8
4571,2.6
4572,7.0
4573,1.0
4574,69.2
4575,30.2
4576,16.4
4577,2.2
4578,10.2
4579,1.4
4580,2.6
4581,21.8
4582,20.0
4583,4.6
4584,8.0
4585,16.6
4586,2.4
4587,5.0
4588,8.2
4589,0.6
4590,0.8
4591,28.0
4592,107.4
4593,1.0
4594,0.0
4595,12.2
4596,0.6
4597,4.2
4598,0.6
4599,166.4
4600,6.4
4601,6.2
4602,5.2
4603,1.6
4604,22.2
4605,69.6
4606,2.8
4607,151.6
4608,26.8
4609,0.2
4610,2.6
4611,2.8
4612,139.2
4613,15.4
4614,129.8
4615,4.2
4616,59.6
4617,38.4
4618,4.8
4619,100.2
4620,9.2
4621,3.2
4622,46.8
4623,5.4
4624,1.6
4625,60.0
4626,1.2
4627,9.4
4628,2.4
4629,8.0
4630,0.4
4631,15.0
4632,6.6
4633,914.0
4634,9.0
4635,893.8
4636,16.2
4637,5.2
4638,0.0
4639,3.4
4640,0.6
4641,2.6
4642,16.6
4643,36.4
4644,27.8
4645,7.2
4646,6.6
4647,4.2
4648,72.0
4649,3.2
4650,6.2
4651,60.0
4652,13.8
4653,41.4
4654,122.2
4655,0.4
4656,2.6
4657,8.6
4658,209.4
4659,24.6
4660,5.6
4661,24.0
4662,4.4
4663,80.6
4664,0.8
4665,5.8
4666,2.8
4667,21.2
4668,19.8
4669,3.6
4670,18.4
4671,16.4
4672,0.6
4673,14.2
4674,56.0
4675,5.2
4676,1.4
4677,1.8
4678,48.6
4679,2.4
4680,65.4
4681,1.4
4682,1.6
4683,3.8
4684,50.2
4685,3.0
4686,20.0
4687,654.8
4688,14.4
4689,0.4
4690,1.4
4691,54.4
4692,1.8
4693,2.2
4694,1.2
4695,67.2
4696,22.0
4697,15.2
4698,13.2
4699,0.6
4700,66.8
4701,18.6
4702,44.8
4703,4.6
4704,4.8
4705,0.2
4706,42.2
4707,175.6
4708,8.2
4709,11.8
4710,71.0
4711,684.6
4712,425.6
4713,1.6
4714,2.2
4715,136.0
4716,0.2
4717,245.8
4718,2.6
4719,3.0
4720,31.2
4721,1111.2
4722,0.0
4723,64.6
4724,135.0
4725,0.0
4726,3.2
4727,65.0
4728,4.4
4729,4.6
4730,77.8
4731,26.2
4732,0.0
4733,503.0
4734,0.6
4735,198.2
4736,42.6
4737,38.8
4738,5.2
4739,170.2
4740,101.4
4741,3.0
4742,2.4
4743,62.6
4744,1.6
4745,3.8
4746,28.2
4747,0.0
4748,2.4
4749,123.4
4750,7.4
4751,13.0
4752,7.2
4753,3.6
4754,0.4
4755,329.8
4756,1.6
4757,0.2
4758,0.2
4759,245.0
4760,2.8
4761,1.4
4762,1.0
4763,1.8
4764,4.2
4765,57.2
4766,3.8
4767,123.6
4768,2.0
4769,15.8
4770,20.0
4771,23.6
4772,1067.6
4773,18.8
4774,12.0
4775,2270.8
4776,68.6
4777,24.0
4778,0.2
4779,1.0
4780,10.2
4781,5.0
4782,30.4
4783,4.8
4784,21.2
4785,7.0
4786,0.4
4787,0.2
4788,33.8
4789,58.0
4790,0.2
4791,22.4
4792,33.2
4793,55.6
4794,281.6
4795,1.6
4796,2.2
4797,1.6
4798,7.4
4799,6.0
4800,2.8
4801,63.6
4802,145.2
4803,94.6
4804,0.4
4805,0.0
4806,24.0
4807,0.4
4808,877.2
4809,1.0
4810,0.0
4811,3.8
4812,38.0
4813,165.0
4814,5.4
4815,24.2
4816,126.2
4817,11.4
4818,1.2
4819,8.0
4820,2.8
4821,61.8
4822,0.4
4823,3.6
4824,5.8
4825,143.2
4826,13.6
4827,14.0
4828,2.8
4829,5.6
4830,27.8
4831,17.2
4832,0.0
4833,74.0
4834,86.8
4835,30.2
4836,24.6
4837,111.0
4838,9.4
4839,529.0
4840,5.0
4841,2.2
4842,150.4
4843,2.2
4844,1.4
4845,0.8
4846,95.8
4847,3.2
4848,11.8
4849,19.4
4850,196.4
4851,7.0
4852,107.8
4853,43.2
4854,17.4
4855,2.8
4856,31.4
4857,6.2
4858,3.0
4859,13.0
4860,23.8
4861,134.2
4862,2.2
4863,29.6
4864,7.6
4865,6.4
4866,19.2
4867,469.6
4868,2.0
4869,10.8
4870,67.8
4871,15.4
4872,0.2
4873,4.8
4874,36.2
4875,3.8
4876,9.2
4877,0.8
4878,0.8
4879,73.6
4880,34.8
4881,13.0
4882,3.0
4883,97.2
4884,50.6
4885,40.0
4886,130.6
4887,8850.8
4888,156.8
4889,16.8
4890,660.8
4891,20.8
4892,0.4
4893,136.4
4894,10.8
4895,1.4
4896,7.0
4897,8.6
4898,15.0
4899,109.0
4900,0.4
4901,1.2
4902,11.8
4903,309.6
4904,0.4
4905,67.0
4906,993.0
4907,3.0
4908,4.2
4909,213.0
4910,63.8
4911,21.6
4912,35.8
4913,1.4
4914,55.6
4915,0.8
4916,3.8
4917,4.2
4918,6.0
4919,10.4
4920,2.2
4921,59.4
4922,2.4
4923,3.6
4924,0.0
4925,45.0
4926,19.6
4927,211.8
4928,73.4
4929,370.4
4930,100.6
4931,0.6
4932,0.2
4933,2.8
4934,63.8
4935,31.6
4936,18.0
4937,0.8
4938,16.4
4939,21.8
4940,66.0
4941,0.2
4942,78.2
4943,13.2
4944,0.0
4945,28.8
4946,0.2
4947,12.0
4948,36.2
4949,1.2
4950,0.6
4951,67.6
4952,106.4
4953,1.6
4954,3.4
4955,140.6
4956,1.0
4957,4.4
4958,90.6
4959,20.0
4960,136.0
4961,10.0
4962,25.6
4963,12.2
4964,0.0
4965,50.4
4966,2.4
4967,3.8
4968,102.8
4969,71.6
4970,32.4
4971,1.2
4972,37.0
4973,78.2
4974,6.6
4975,75.6
4976,57.4
4977,1.4
4978,71.2
4979,19.8
4980,18.8
4981,52.6
4982,841.2
4983,19.4
4984,120.2
4985,1.8
4986,0.2
4987,6.2
4988,12.8
4989,23.8
4990,107.6
4991,43.6
4992,1.0
4993,1.2
4994,23.0
4995,19.6
4996,0.8
4997,0.4
4998,650.8
4999,59.2
5000,9.4
5001,74.8
5002,67.6
5003,1.4
5004,3.6
5005,5.4
5006,29.0
5007,3.6
5008,26.0
5009,33.8
5010,3.2
5011,2.0
5012,0.8
5013,0.6
5014,2.0
5015,27.0
5016,23.2
5017,28.6
5018,34.6
5019,105.8
5020,0.2
5021,8.8
5022,5.6
5023,25.8
5024,13.4
5025,9.2
5026,8.4
5027,11.0
5028,8.0
5029,6.8
5030,3.4
5031,121.4
5032,116.0
5033,6.2
5034,8.6
5035,14.6
5036,1.8
5037,2.2
5038,4.6
5039,6.8
5040,7.6
5041,35.4
5042,0.4
5043,2.8
5044,40.8
5045,11.0
5046,11.0
5047,1.2
5048,12.4
5049,0.4
5050,81.6
5051,107.8
5052,6.4
5053,62.2
5054,0.4
5055,53.8
5056,0.2
5057,7.2
5058,38.2
5059,2.0
5060,23.4
5061,1.8
5062,19.4
5063,4.2
5064,23.2
5065,15.6
5066,3.8
5067,208.2
5068,1.0
5069,8.2
5070,474.2
5071,0.4
5072,82.6
5073,9.2
5074,4.8
5075,2.2
5076,12.2
5077,12.0
5078,7.2
5079,36.4
5080,31.4
5081,38.4
5082,36.8
5083,32.4
5084,24.8
5085,892.8
5086,1.4
5087,5.4
5088,11.0
5089,12655.4
5090,0.8
5091,2.8
5092,7.2
5093,0.4
5094,5.6
5095,60.8
5096,0.6
5097,2.4
5098,3.4
5099,7.4
5100,13.0
5101,46.2
5102,21.4
5103,27.2
5104,34.6
5105,54.6
5106,10.0
5107,51.2
5108,1.4
5109,0.4
5110,17.4
5111,69.0
5112,32.6
5113,1.2
5114,27.2
5115,32.4
5116,2.4
5117,35.4
5118,1.0
5119,1.2
5120,79.4
5121,18.6
5122,270.8
5123,87.0
5124,12.0
5125,68.8
5126,237.0
5127,409.0
5128,61.2
5129,3.8
5130,12.0
5131,5.2
5132,7.8
5133,147.8
5134,18.2
5135,2.2
5136,1.2
5137,3.2
5138,0.2
5139,17.8
5140,13.8
5141,5.8
5142,13.6
5143,0.8
5144,2.2
5145,5.4
5146,5.4
5147,5.2
5148,0.4
5149,1.4
5150,15.2
5151,0.0
5152,1.8
5153,2.8
5154,3.8
5155,1.2
5156,2.8
5157,2.6
5158,531.4
5159,4.6
5160,8.4
5161,448.8
5162,28.4
5163,13.4
5164,62.8
5165,0.6
5166,2.2
5167,0.2
5168,446.0
5169,37.6
5170,82.4
5171,11.8
5172,17.6
5173,3.6
5174,103.2
5175,4.4
5176,89.4
5177,44.0
5178,1.0
5179,20.8
5180,57.2
5181,11.4
5182,0.6
5183,7.6
5184,0.2
5185,214.4
5186,7.4
5187,6.6
5188,36.2
5189,14.6
5190,222.6
5191,5.4
5192,27.6
5193,286.2
5194,8.4
5195,4.6
5196,2.2
5197,15.8
5198,2.0
5199,0.2
5200,1.8
5201,70.4
5202,15.6
5203,3.0
5204,7.0
5205,24.6
5206,4.2
5207,0.4
5208,9.6
5209,2.6
5210,0.0
5211,0.6
5212,10.6
5213,0.0
5214,2.8
5215,0.0
5216,4.2
5217,30.0
5218,2.2
5219,4.6
5220,6.2
5221,8.4
5222,47.2
5223,117.2
5224,5.6
5225,1.8
5226,2.0
5227,53.8
5228,25.8
5229,72.0
5230,4.4
5231,27.0
5232,51.4
5233,0.0
5234,43.4
5235,16.6
5236,4.8
5237,14.4
5238,737.0
5239,125.6
5240,11.8
5241,1.4
5242,36.0
5243,49.2
5244,336.0
5245,46.4
5246,1211.2
5247,1.0
5248,61.6
5249,2.8
5250,0.0
5251,3.4
5252,15.6
5253,1.2
5254,0.4
5255,1.8
5256,58.8
5257,9.8
5258,6.4
5259,1.6
5260,132.0
5261,3.6
5262,34.4
5263,9.6
5264,19.4
5265,61.2
5266,39.2
5267,1.8
5268,7.6
5269,33.2
5270,4.0
5271,15.8
5272,13.6
5273,9.6
5274,2.0
5275,6.0
5276,10.0
5277,17.2
5278,38.0
5279,123.8
5280,4.8
5281,10.8
5282,6.6
5283,1.2
5284,15.0
5285,148.0
5286,8.8
5287,18.8
5288,87.4
5289,0.0
5290,0.8
5291,17.4
5292,89.2
5293,5.4
5294,12.2
5295,60.0
5296,0.4
5297,0.2
5298,1.6
5299,10.6
5300,52.6
5301,86.0
5302,21055.6
5303,85.8
5304,60.0
5305,3.4
5306,38.0
5307,6.8
5308,1.0
5309,20.4
5310,3.0
5311,29.6
5312,3.4
5313,15.6
5314,13.0
5315,75.0
5316,2.8
5317,2.0
5318,1.6
5319,2.4
5320,10.2
5321,59.6
5322,26.0
5323,25.8
5324,0.8
5325,101.2
5326,4.8
5327,0.6
5328,11134.2
5329,114.6
5330,4.0
5331,0.2
5332,91.0
5333,2.6
5334,30.4
5335,12.2
5336,0.4
5337,6.2
5338,2.2
5339,2.8
5340,170.4
5341,48.2
5342,5.8
5343,3.0
5344,33.4
5345,1.0
5346,29.6
5347,2.2
5348,52.6
5349,0.8
5350,0.2
5351,3.8
5352,12.4
5353,3.4
5354,54.2
5355,2.4
5356,76.8
5357,0.6
5358,1.8
5359,1112.2
5360,2.6
5361,87.2
5362,0.2
5363,172.4
5364,2.6
5365,0.6
5366,478.2
5367,2.6
5368,3.0
5369,99.2
5370,0.2
5371,2.2
5372,5.4
5373,0.8
5374,241.2
5375,5.4
5376,2.0
5377,1.8
5378,0.0
5379,0.0
5380,115.8
5381,0.6
5382,31.8
5383,24.2
5384,178.4
5385,1.0
5386,1.2
5387,49.4
5388,18.0
5389,12.6
5390,55.4
5391,61.4
5392,35.6
5393,610.2
5394,68.2
5395,0.0
5396,4.0
5397,0.4
5398,1.2
5399,9.6
5400,14.6
5401,41.0
5402,27.0
5403,0.4
5404,1.4
5405,181.0
5406,47.2
5407,42.8
5408,2.4
5409,357.6
5410,9.0
5411,0.4
5412,1.4
5413,48.0
5414,149.6
5415,9.2
5416,3.2
5417,0.6
5418,0.4
5419,35.6
5420,19.6
5421,13.8
5422,7.8
5423,29.8
5424,8.0
5425,1.2
5426,5.4
5427,8.0
5428,19.6
5429,10.2
5430,19.6
5431,45.2
5432,0.4
5433,59.0
5434,7.4
5435,22.0
5436,159.6
5437,2.2
5438,8349.4
5439,36.2
5440,198.6
5441,3.6
5442,7.0
5443,7.2
5444,4.8
5445,745.0
5446,4.0
5447,12.4
5448,34.6
5449,7.6
5450,60.2
5451,14.4
5452,4.8
5453,82.4
5454,4.6
5455,66.2
5456,7.0
5457,4.6
5458,1.2
5459,0.0
5460,2.8
5461,574.2
5462,7.0
5463,19.2
5464,0.8
5465,0.0
5466,16.0
5467,22.0
5468,74.8
5469,81.0
5470,32.2
5471,3.0
5472,3.6
5473,257.8
5474,11.4
5475,4.6
5476,0.0
5477,14.0
5478,3.0
5479,10.0
5480,259.4
5481,30.4
5482,5.4
5483,1.2
5484,8.6
5485,5.8
5486,1.0
5487,3.2
5488,16.2
5489,66.6
5490,1.8
5491,87.0
5492,25.0
5493,775.2
5494,8.2
5495,46.2
5496,6.6
5497,83.0
5498,4.8
5499,0.8
5500,9.0
5501,15.6
5502,1.8
5503,10.4
5504,58.6
5505,3.6
5506,9.6
5507,23.8
5508,1.6
5509,3.6
5510,15.6
5511,42.6
5512,1.6
5513,0.4
5514,27.0
5515,46.8
5516,80.6
5517,24.6
5518,227.4
5519,4.6
5520,0.8
5521,4.2
5522,16.8
5523,3.4
5524,24.4
5525,5.2
5526,12.0
5527,190.0
5528,3.2
5529,15.0
5530,66.4
5531,0.4
5532,4.4
5533,55.2
5534,20.2
5535,7.4
5536,100.8
5537,369.0
5538,151.2
5539,0.2
5540,8.6
5541,8.8
5542,33.0
5543,49.8
5544,3.2
5545,0.8
5546,75.6
5547,0.4
5548,63.2
5549,93.2
5550,1.6
5551,21.8
5552,40.6
5553,14.8
5554,46.4
5555,3.6
5556,431.0
5557,4.2
5558,19.2
5559,0.0
5560,8.4
5561,17.6
5562,7.8
5563,0.8
5564,1.0
5565,225.4
5566,82.0
5567,5.8
5568,2.0
5569,0.4
5570,0.2
5571,0.4
5572,18.0
5573,18.4
5574,0.6
5575,5.2
5576,4.0
5577,1.2
5578,2.0
5579,8.4
5580,2.2
5581,1.0
5582,231.0
5583,23.8
5584,84.4
5585,14.6
5586,1.2
5587,0.4
5588,0.0
5589,2.8
5590,10.4
5591,25.0
5592,2.4
5593,1.4
5594,8.2
5595,165.2
5596,35.8
5597,16.0
5598,45.4
5599,15.4
5600,1.0
5601,29.8
5602,14.6
5603,10.4
5604,1600.0
5605,70.0
5606,12.8
5607,2.4
5608,5.8
5609,2.6
5610,0.6
5611,6.0
5612,0.4
5613,7.4
5614,2.0
5615,56.6
5616,46.8
5617,234.2
5618,6.2
5619,54.2
5620,2.2
5621,5.0
5622,0.2
5623,8.6
5624,20.4
5625,6.4
5626,40.6
5627,16.2
5628,11.8
5629,5580.2
5630,41.6
5631,3.8
5632,39.0
5633,66.8
5634,1192.0
5635,7.0
5636,24.6
5637,59.6
5638,2.0
5639,1.6
5640,27.2
5641,27.8
5642,36.6
5643,74.6
5644,11.8
5645,31.8
5646,31.0
5647,9.2
5648,31.2
5649,0.6
5650,1.6
5651,6.0
5652,5.2
5653,3.8
5654,35.2
5655,10.8
5656,1.0
5657,8.8
5658,77.8
5659,100.0
5660,0.0
5661,1.2
5662,4.4
5663,48.8
5664,118.8
5665,23.0
5666,0.6
5667,1.2
5668,221.8
5669,1.2
5670,4.6
5671,25.2
5672,26.6
5673,3.6
5674,57.6
5675,57.8
5676,8440.6
5677,2.6
5678,2.8
5679,98.2
5680,3.0
5681,35.8
5682,127.8
5683,2.0
5684,344.0
5685,1.0
5686,26.8
5687,0.6
5688,1.8
5689,4.4
5690,33.8
5691,32.6
5692,721.0
5693,0.4
5694,45.8
5695,5.8
5696,0.2
5697,0.4
5698,3.8
5699,182.8
5700,1.2
5701,2.0
5702,10.2
5703,0.0
5704,24.0
5705,52.8
5706,479.2
5707,84.8
5708,5.8
5709,0.2
5710,7.8
5711,18.6
5712,40.6
5713,34.0
5714,2.0
5715,125.4
5716,44.6
5717,7.4
5718,77.2
5719,88.8
5720,1.4
5721,26.4
5722,24.0
5723,94.6
5724,2.0
5725,176.0
5726,0.4
5727,15.8
5728,0.4
5729,8.8
5730,20978.8
5731,4.4
5732,7.2
5733,1697.2
5734,16.0
5735,7.4
5736,5.0
5737,2.8
5738,326.0
5739,18.4
5740,25.2
5741,42.2
5742,2.4
5743,4.4
5744,10.2
5745,0.4
5746,15067.2
5747,0.4
5748,30.0
5749,7.0
5750,0.0
5751,9.6
5752,0.2
5753,16.0
5754,171.0
5755,111.6
5756,0.2
5757,1.4
5758,47.0
5759,1.2
5760,3.4
5761,11.6
5762,0.0
5763,104.0
5764,0.0
5765,0.6
5766,18.2
5767,13.2
5768,0.8
5769,2.8
5770,0.8
5771,369.0
5772,4.2
5773,445.8
5774,3.2
5775,17.2
5776,484.0
5777,96.4
5778,1.0
5779,21.0
5780,0.4
5781,0.2
5782,18.0
5783,0.4
5784,5.8
5785,13.6
5786,0.6
5787,1.4
5788,0.2
5789,45.8
5790,26.2
5791,33.6
5792,74.6
5793,2.0
5794,127.6
5795,1.2
5796,4.4
5797,1.2
5798,1.4
5799,15.6
5800,37.6
5801,2.4
5802,0.0
5803,4.8
5804,21.8
5805,3.0
5806,0.4
5807,9.0
5808,1.0
5809,0.4
5810,4.8
5811,0.4
5812,32.0
5813,4.8
5814,1.4
5815,15.4
5816,5.4
5817,15.8
5818,0.4
5819,14.8
5820,61.0
5821,0.2
5822,25.8
5823,53.6
5824,7.0
5825,7.2
5826,5.6
5827,4.8
5828,7.2
5829,63.6
5830,2.2
5831,0.6
5832,107.2
5833,7.6
5834,1.4
5835,3.8
5836,0.4
5837,10.6
5838,58.8
5839,0.4
5840,7.6
5841,0.6
5842,1.4
5843,26.6
5844,0.8
5845,3.4
5846,0.6
5847,105.2
5848,10.0
5849,11.6
5850,17347.0
5851,5.2
5852,45.4
5853,40.6
5854,339.6
5855,15.4
5856,48.8
5857,209.2
5858,42.6
5859,0.6
5860,23.6
5861,5.2
5862,241.2
5863,33.2
5864,3.6
5865,2.0
5866,2.4
5867,1.0
5868,10.0
5869,4.2
5870,7.8
5871,2.0
5872,24.0
5873,6.4
5874,51.4
5875,233.4
5876,2.6
5877,46.6
5878,20.8
5879,5.2
5880,0.0
5881,14.2
5882,1106.8
5883,3.2
5884,74.2
5885,69.8
5886,236.8
5887,1.2
5888,40.0
5889,9.4
5890,5.6
5891,37.8
5892,101.6
5893,29.6
5894,60.4
5895,1.8
5896,313.8
5897,1.6
5898,7.8
5899,0.2
5900,1.2
5901,0.8
5902,11.6
5903,241.0
5904,19.4
5905,3.8
5906,0.4
5907,51.6
5908,2.6
5909,2.6
5910,134.0
5911,2.2
5912,3.6
5913,30.4
5914,0.0
5915,33.8
5916,1.4
5917,3.4
5918,142.4
5919,12.0
5920,41.8
5921,1.6
5922,23.4
5923,396.2
5924,2.6
5925,49.0
5926,41.6
5927,1.8
5928,455.2
5929,8.0
5930,512.0
5931,10.4
5932,1.8
5933,4.8
5934,237.8
5935,80.2
5936,5.6
5937,18.6
5938,151.2
5939,33.8
5940,4.2
5941,61.4
5942,1.2
5943,55.2
5944,51.6
5945,67.6
5946,55.6
5947,0.0
5948,292.4
5949,7.8
5950,503.8
5951,0.0
5952,2.4
5953,11.6
5954,2.6
5955,12.6
5956,151.2
5957,9.2
5958,0.6
5959,3.0
5960,7.2
5961,3.2
5962,0.2
5963,1.0
5964,4.0
5965,14.6
5966,10.4
5967,1.8
5968,2.6
5969,25.6
5970,4.0
5971,65.6
5972,0.6
5973,2.2
5974,52.8
5975,7.8
5976,0.0
5977,10.0
5978,8.8
5979,0.4
5980,31.8
5981,89.0
5982,1.0
5983,12.8
5984,182.4
5985,3.4
5986,68.0
5987,16.4
5988,93.0
5989,533.4
5990,5.4
5991,67.8
5992,1.8
5993,11.6
5994,83.2
5995,77.4
5996,42.2
5997,5.0
5998,1.2
5999,8.8
6000,3.6
6001,12.8
6002,105.4
6003,0.4
6004,5.0
6005,31.0
6006,29.0
6007,5.0
6008,6.2
6009,18.2
6010,0.2
6011,2.6
6012,189.6
6013,9.8
6014,24.8
6015,205.6
6016,12.2
6017,1.0
6018,0.0
6019,33.4
6020,0.4
6021,37.4
6022,5.4
6023,26.8
6024,3.0
6025,1.0
6026,2.0
6027,26.8
6028,41.2
6029,255.4
6030,0.8
6031,0.8
6032,1.2
6033,9.4
6034,7.8
6035,6.0
6036,11.8
6037,0.8
6038,3.4
6039,92.4
6040,0.0
6041,139.6
6042,12.4
6043,10303.4
6044,173.4
6045,3.6
6046,35.6
6047,0.8
6048,22.6
6049,0.6
6050,9.8
6051,260.0
6052,18.2
6053,1.8
6054,4.8
6055,9.8
6056,0.4
6057,11.4
6058,4.8
6059,9.2
6060,24.0
6061,55.6
6062,1.2
6063,5.6
6064,72.6
6065,65.2
6066,153.6
6067,28.6
6068,0.6
6069,24.6
6070,5.4
6071,4.0
6072,8.8
6073,13.0
6074,15.8
6075,8.0
6076,2.0
6077,15.2
6078,2.0
6079,309.2
6080,46.4
6081,1.8
6082,4.0
6083,2.6
6084,2.2
6085,10.8
6086,0.2
6087,8.0
6088,741.0
6089,0.0
6090,85.4
6091,29.8
6092,604.0
6093,58.6
6094,3.2
6095,2.4
6096,0.6
6097,57.4
6098,5.8
6099,16.4
6100,3.2
6101,3.2
6102,66.0
6103,10.4
6104,0.4
6105,21.6
6106,21.0
6107,11.0
6108,2.0
6109,13.0
6110,288.4
6111,270.4
6112,1.8
6113,260.8
6114,3.2
6115,75.2
6116,17.0
6117,9.6
6118,66.8
6119,69.8
6120,52.2
6121,16.6
6122,46.4
6123,78.0
6124,1.6
6125,274.0
6126,1.2
6127,0.4
6128,0.6
6129,3.0
6130,34.0
6131,36.2
6132,807.2
6133,61.4
6134,2.4
6135,0.0
6136,398.4
6137,6.8
6138,66.6
6139,8.6
6140,0.0
6141,2.8
6142,9.6
6143,1.2
6144,0.6
6145,8.2
6146,5.6
6147,3.8
6148,0.2
6149,1.8
6150,1.4
6151,218.2
6152,8.2
6153,1.0
6154,14.8
6155,4.0
6156,5539.6
6157,4.0
6158,5.0
6159,112.6
6160,0.4
6161,8.8
6162,266.8
6163,153.6
6164,81.0
6165,2.6
6166,107.6
6167,4.8
6168,0.2
6169,2.6
6170,10.8
6171,4.0
6172,1.0
6173,1.8
6174,48.2
6175,1.0
6176,3.4
6177,209.0
6178,1.6
6179,0.6
6180,1.2
6181,1.2
6182,110.0
6183,2.4
6184,2.8
6185,2.8
6186,6.8
6187,3.2
6188,1.8
6189,2.0
6190,14.8
6191,5.8
6192,0.4
6193,234.2
6194,16.4
6195,0.2
6196,0.2
6197,24.2
6198,21.4
6199,1.2
6200,2.6
6201,118.2
6202,129.0
6203,33.6
6204,1.0
6205,7.4
6206,32.6
6207,21.8
6208,14.6
6209,401.4
6210,5.4
6211,6.8
6212,4.0
6213,8.0
6214,4.8
6215,8.2
6216,0.6
6217,41.6
6218,0.0
6219,64.0
6220,0.2
6221,3.0
6222,14.6
6223,4.0
6224,6.6
6225,13.6
6226,13.6
6227,2.0
6228,6.2
6229,16.0
6230,1.2
6231,0.8
6232,5.4
6233,1.8
6234,2.4
6235,19.2
6236,15.4
6237,36.6
6238,202.6
6239,75.6
6240,21.2
6241,6.2
6242,13.2
6243,0.2
6244,16.0
6245,1.8
6246,0.6
6247,122.6
6248,36.6
6249,2.2
6250,0.0
6251,29.2
6252,6.2
6253,29.2
6254,81.2
6255,3.0
6256,6.4
6257,2.6
6258,1.8
6259,4.0
6260,34.6
6261,1.6
6262,0.8
6263,34.2
6264,7.4
6265,1.6
6266,2.6
6267,4.6
6268,4.8
6269,22.8
6270,111.6
6271,1.0
6272,1.0
6273,3.8
6274,1.0
6275,11.4
6276,24.4
6277,464.2
6278,182.8
6279,1.4
6280,1.2
6281,0.8
6282,2.0
6283,0.0
6284,15.8
6285,11.6
6286,0.0
6287,2.0
6288,2.4
6289,0.2
6290,3.6
6291,63.6
6292,45.4
6293,3.8
6294,9.6
6295,137.6
6296,8.2
6297,10.0
6298,10.4
6299,10.4
6300,1.0
6301,7.8
6302,141.8
6303,9.2
6304,64.0
6305,1.4
6306,1.8
6307,15.8
6308,2.4
6309,70.8
6310,181.2
6311,33.2
6312,25.0
6313,5.6
6314,2.8
6315,7.6
6316,19.4
6317,1.6
6318,2.2
6319,99.8
6320,144.0
6321,10.0
6322,0.8
6323,20.0
6324,3.4
6325,31.8
6326,1.4
6327,4.8
6328,9.8
6329,16.0
6330,7.2
6331,15.8
6332,43.0
6333,2.4
6334,43.6
6335,3.6
6336,6.6
6337,8.8
6338,19.0
6339,0.6
6340,1.6
6341,1.4
6342,37.6
6343,0.0
6344,18.8
6345,11.2
6346,69.0
6347,89.8
6348,2.8
6349,4.8
6350,34.6
6351,8.8
6352,156.4
6353,5.8
6354,0.6
6355,56.2
6356,24.4
6357,2.2
6358,1.8
6359,106.8
6360,7.6
6361,10.4
6362,44.4
6363,26.4
6364,2.0
6365,45.4
6366,70.6
6367,431.6
6368,7.4
6369,1.6
6370,0.8
6371,103.8
6372,200.8
6373,16.2
6374,1.0
6375,64.4
6376,33.0
6377,101.2
6378,41.4
6379,98.4
6380,16.0
6381,4.6
6382,27.2
6383,19.0
6384,9.0
6385,17.0
6386,78.4
6387,2.6
6388,2.4
6389,10.4
6390,0.4
6391,38.4
6392,8.0
6393,3.4
6394,2.8
6395,10.0
6396,142.0
6397,3.8
6398,51.2
6399,101.8
6400,2.4
6401,5.0
6402,1.8
6403,361.4
6404,62.2
6405,2.8
6406,475.6
6407,12.4
6408,127.4
6409,3.6
6410,4.4
6411,2.0
6412,6.8
6413,26.0
6414,1.0
6415,6.8
6416,13.8
6417,3.2
6418,10.6
6419,144.8
6420,5.0
6421,47.6
6422,0.2
6423,108.2
6424,5.2
6425,0.0
6426,1.2
6427,16.4
6428,19.4
6429,0.4
6430,3.6
6431,59.6
6432,5.6
6433,175.0
6434,34.6
6435,58.4
6436,13.2
6437,46.0
6438,153.6
6439,1.0
6440,4.8
6441,269.4
6442,29.4
6443,3.4
6444,74.2
6445,11.4
6446,14.2
6447,5.8
6448,45.4
6449,6.2
6450,6.8
6451,30.2
6452,1.6
6453,84.6
6454,1.4
6455,103.4
6456,4.4
6457,471.0
6458,1.4
6459,0.8
6460,17.4
6461,10.0
6462,237.0
6463,3.6
6464,34.2
6465,11.6
6466,5.0
6467,55.0
6468,22.8
6469,0.8
6470,13.6
6471,20.6
6472,16.6
6473,1.2
6474,6.8
6475,81.4
6476,103.2
6477,1.8
6478,0.2
6479,6.0
6480,9.0
6481,25.6
6482,19.6
6483,2.2
6484,2.4
6485,0.2
6486,75.8
6487,170.2
6488,42.4
6489,1.0
6490,31.4
6491,10.2
6492,0.4
6493,105.2
6494,8.8
6495,6.8
6496,4.6
6497,47.4
6498,48.4
6499,0.2
6500,8.8
6501,6.4
6502,4.6
6503,4.8
6504,172.8
6505,46.2
6506,10.8
6507,15.4
6508,68.2
6509,1.6
6510,10.6
6511,4.4
6512,230.0
6513,2.8
6514,15.4
6515,10.0
6516,1.6
6517,28.2
6518,6.6
6519,2.4
6520,3.4
6521,59.2
6522,14.0
6523,0.4
6524,57.2
6525,2.0
6526,140.2
6527,5.4
6528,1.4
6529,188.2
6530,18.8
6531,35.6
6532,1.0
6533,9.2
6534,1.0
6535,72.4
6536,1.4
6537,9.8
6538,2.2
6539,6.8
6540,3.4
6541,0.6
6542,0.4
6543,3.4
6544,4.8
6545,177.2
6546,190.2
6547,39.8
6548,0.8
6549,0.8
6550,48.8
6551,15.4
6552,8.4
6553,3.4
6554,8.8
6555,0.8
6556,16.2
6557,1.4
6558,21.6
6559,5.0
6560,16.6
6561,20.0
6562,6.6
6563,14.4
6564,2.2
6565,45.4
6566,11.2
6567,21.2
6568,24.0
6569,15.0
6570,38.4
6571,5.0
6572,0.6
6573,129.2
6574,12.2
6575,0.6
6576,52.8
6577,9.4
6578,2.8
6579,0.8
6580,6.0
6581,5.8
6582,67.0
6583,2.0
6584,6.4
6585,19.6
6586,50.2
6587,221.2
6588,2.8
6589,476.4
6590,0.4
6591,0.2
6592,67.6
6593,6.8
6594,5.4
6595,0.8
6596,78.6
6597,18.0
6598,55.8
6599,4.0
6600,1.8
6601,11.0
6602,21.0
6603,2.4
6604,18.8
6605,4.2
6606,32.4
6607,12.6
6608,6.0
6609,89.4
6610,15.8
6611,0.6
6612,18.0
6613,71.8
6614,34.8
6615,1.6
6616,6.0
6617,31.8
6618,9.2
6619,6.6
6620,4.8
6621,50.6
6622,13.4
6623,7.0
6624,1.0
6625,3.8
6626,6.6
6627,9.4
6628,55.2
6629,8.4
6630,31.8
6631,3.2
6632,13.0
6633,74.0
6634,1.6
6635,8.0
6636,47.0
6637,6.6
6638,10.8
6639,18.0
6640,23.4
6641,47.0
6642,19.6
6643,5.0
6644,2.6
6645,10.4
6646,0.4
6647,53.6
6648,0.2
6649,0.8
6650,28.6
6651,6.2
6652,2.6
6653,26.6
6654,13.8
6655,42.8
6656,136.4
6657,43.6
6658,38.4
6659,42.8
6660,55.2
6661,5.8
6662,5.2
6663,1.4
6664,6.4
6665,21.4
6666,21.4
6667,55.6
6668,11.6
6669,28.4
6670,1.2
6671,2.2
6672,7.6
6673,0.0
6674,69.8
6675,33.2
6676,0.0
6677,3.0
6678,47.2
6679,20.4
6680,35.2
6681,0.0
6682,4.0
6683,11.8
6684,0.6
6685,13.2
6686,0.4
6687,50.4
6688,11.8
6689,20.0
6690,52.6
6691,7.0
6692,6.6
6693,2.8
6694,4.2
6695,4.0
6696,19.4
6697,7.0
6698,2.6
6699,0.2
6700,0.4
6701,5.4
6702,0.4
6703,35.8
6704,1.2
6705,45.2
6706,26.4
6707,0.4
6708,499.2
6709,1.0
6710,63.8
6711,6.2
6712,0.8
6713,137.2
6714,45.2
6715,36.0
6716,0.6
6717,48.4
6718,7.2
6719,4.8
6720,8377.4
6721,3.2
6722,0.8
6723,5609.0
6724,0.6
6725,11.2
6726,2.2
6727,11.8
6728,3.0
6729,3.2
6730,43.6
6731,5.4
6732,1.2
6733,140.6
6734,4.8
6735,0.8
6736,2.2
6737,0.4
6738,6.6
6739,17.2
6740,1.4
6741,3.4
6742,45.8
6743,0.0
6744,235.8
6745,3.2
6746,53.0
6747,416.8
6748,0.2
6749,7.4
6750,30.8
6751,2.6
6752,1.6
6753,66.0
6754,75.8
6755,66.4
6756,3.2
6757,68.4
6758,52.8
6759,47.0
6760,14.0
6761,15.6
6762,0.6
6763,10.2
6764,6.4
6765,230.6
6766,0.4
6767,25.6
6768,43.0
6769,4.4
6770,5.0
6771,5.8
6772,82.8
6773,13.6
6774,1.2
6775,8.4
6776,0.0
6777,7.0
6778,17.8
6779,25.4
6780,0.2
6781,28.0
6782,0.4
6783,16.6
6784,2.2
6785,0.2
6786,8.2
6787,2.6
6788,9.8
6789,191.2
6790,82.2
6791,9.4
6792,25.6
6793,7.6
6794,43.0
6795,27.0
6796,9.8
6797,25.0
6798,7.4
6799,72.0
6800,0.0
6801,44.6
6802,58.0
6803,157.2
6804,10.6
6805,1.2
6806,27.4
6807,3.4
6808,5.2
6809,23.2
6810,646.0
6811,0.6
6812,15.0
6813,4.0
6814,65.0
6815,17.8
6816,2.8
6817,2.0
6818,0.4
6819,6.8
6820,2.2
6821,21.6
6822,2.0
6823,6.0
6824,5.4
6825,4.8
6826,9.2
6827,0.4
6828,0.6
6829,1.4
6830,37.0
6831,13.4
6832,0.4
6833,1.6
6834,84.4
6835,16.2
6836,4.0
6837,2.2
6838,15.6
6839,188.6
6840,8.6
6841,4.2
6842,50.4
6843,80.0
6844,35.6
6845,108.2
6846,2.6
6847,42.0
6848,31.6
6849,2.8
6850,0.6
6851,89.2
6852,76.0
6853,146.8
6854,1.4
6855,165.2
6856,1.2
6857,34.2
6858,2.6
6859,30.6
6860,0.4
6861,1.2
6862,10.2
6863,109.4
6864,1.0
6865,6.2
6866,78.4
6867,14.8
6868,1.6
6869,7.6
6870,1.0
6871,7.4
6872,7.8
6873,4.0
6874,8.0
6875,2.2
6876,104.0
6877,0.2
6878,1.8
6879,17.2
6880,0.6
6881,6.8
6882,26.8
6883,1.4
6884,3.0
6885,2.2
6886,15.0
6887,57.4
6888,9.4
6889,56.8
6890,3.2
6891,7.6
6892,1.2
6893,3.8
6894,2.0
6895,18.2
6896,56.0
6897,1.4
6898,4.8
6899,20.8
6900,29.4
6901,8.6
6902,34.8
6903,0.6
6904,134.4
6905,35.8
6906,14.2
6907,28.2
6908,0.0
6909,7.4
6910,4.8
6911,89.0
6912,64.4
6913,88.0
6914,96.2
6915,7.6
6916,28.8
6917,8.0
6918,1.0
6919,12.8
6920,0.8
6921,17.6
6922,1.0
6923,30.8
6924,0.8
6925,3.8
6926,10.6
6927,189.4
6928,20.6
6929,3.4
6930,1.8
6931,48.2
6932,50.8
6933,15.2
6934,2.8
6935,0.8
6936,69.6
6937,16.4
6938,173.4
6939,791.8
6940,2.8
6941,0.0
6942,5.4
6943,28.2
6944,189.0
6945,5.6
6946,59.6
6947,74.6
6948,108.4
6949,48.6
6950,18.8
6951,11.0
6952,2.4
6953,168.4
6954,7.6
6955,3.2
6956,137.8
6957,72.8
6958,32.4
6959,324.6
6960,16.4
6961,3.2
6962,2.8
6963,22.0
6964,45.2
6965,0.2
6966,7.6
6967,1.6
6968,6.2
6969,7.4
6970,0.6
6971,1.4
6972,0.8
6973,1.0
6974,3.8
6975,29.8
6976,0.0
6977,96.2
6978,3.0
6979,11.8
6980,7.0
6981,106.0
6982,0.0
6983,76.0
6984,11.8
6985,82.4
6986,393.0
6987,0.8
6988,9.2
6989,2.2
6990,0.4
6991,0.0
6992,2.0
6993,114.0
6994,12.2
6995,421.6
6996,4.6
6997,11405.0
6998,26.4
6999,35.4
7000,5.2
7001,5.0
7002,1.2
7003,4.0
7004,6.6
7005,14.6
7006,71.0
7007,0.6
7008,8.4
7009,19.2
7010,146.2
7011,1.2
7012,21.2
7013,14.4
7014,1.8
7015,3.0
7016,0.0
7017,0.0
7018,29.2
7019,0.6
7020,3.2
7021,6.2
7022,0.0
7023,13.8
7024,4.0
7025,0.0
7026,4.8
7027,0.4
7028,307.2
7029,7.0
7030,0.2
7031,2.0
7032,9402.0
7033,12.4
7034,7.2
7035,3.0
7036,98.4
7037,1.6
7038,10.4
7039,194.6
7040,0.2
7041,58.4
7042,9.6
7043,12.2
7044,2.6
7045,30.4
7046,59.8
7047,0.2
7048,1.6
7049,10910.6
7050,24.4
7051,118.4
7052,5.6
7053,21.0
7054,8.6
7055,58.2
7056,79.4
7057,41.8
7058,180.4
7059,3.4
7060,85.4
7061,9.0
7062,62.2
7063,78.0
7064,272.2
7065,4.4
7066,0.0
7067,4.4
7068,81.4
7069,79.4
7070,20.6
7071,2.4
7072,5.0
7073,33.4
7074,8.0
7075,17.0
7076,64.8
7077,5.8
7078,129.6
7079,18.2
7080,0.6
7081,51.0
7082,10581.4
7083,3.0
7084,22.8
7085,5.4
7086,30.0
7087,18.8
7088,1.4
7089,4.8
7090,0.8
7091,2.2
7092,16.4
7093,27.4
7094,12.4
7095,6.8
7096,17.2
7097,4.8
7098,83.4
7099,33.2
7100,60.4
7101,4.4
7102,217.8
7103,151.6
7104,7.2
7105,11.8
7106,122.8
7107,62.4
7108,67.8
7109,2.4
7110,0.2
7111,0.0
7112,1.0
7113,9.2
7114,68.0
7115,4.0
7116,0.6
7117,1.8
7118,30.0
7119,5.0
7120,3.0
7121,83.2
7122,10.0
7123,0.6
7124,4.8
7125,6.2
7126,143.4
7127,4.2
7128,4.8
7129,130.0
7130,146.0
7131,29.8
7132,5.8
7133,4.8
7134,0.2
7135,13.0
7136,0.6
7137,0.8
7138,4.8
7139,4.2
7140,271.4
7141,24.6
7142,14.6
7143,21.4
7144,6.0
7145,6.8
7146,2.0
7147,14.2
7148,46.0
7149,39.2
7150,31.8
7151,0.2
7152,20.4
7153,0.2
7154,56.8
7155,4.6
7156,0.2
7157,5.2
7158,32.4
7159,43.8
7160,79.4
7161,3.0
7162,15.6
7163,68.4
7164,4.6
7165,1.2
7166,13.4
7167,2.8
7168,0.0
7169,2.0
7170,671.8
7171,20.0
7172,2.2
7173,27.0
7174,6.8
7175,5.4
7176,1.0
7177,19.6
7178,20.8
7179,74.0
7180,51.0
7181,0.6
7182,2.4
7183,14.8
7184,0.2
7185,134.2
7186,1.2
7187,2.0
7188,0.2
7189,69.2
7190,1.2
7191,79.2
7192,1.2
7193,1.0
7194,13.0
7195,0.8
7196,1.8
7197,0.6
7198,146.2
7199,3.8
7200,2.2
7201,1.4
7202,80.6
7203,9.0
7204,128.6
7205,1.4
7206,0.8
7207,25.6
7208,0.0
7209,28.2
7210,1.8
7211,80.2
7212,3.0
7213,198.8
7214,2697.2
7215,110.6
7216,253.8
7217,6.8
7218,0.8
7219,69.8
7220,0.2
7221,52.4
7222,2.0
7223,3.8
7224,0.4
7225,120.6
7226,12.8
7227,4.8
7228,2.2
7229,2.8
7230,66.2
7231,7.6
7232,6.8
7233,6.6
7234,2.6
7235,17.4
7236,14.0
7237,0.2
7238,0.2
7239,24.0
7240,1.2
7241,2.4
7242,93.2
7243,6.6
7244,60.8
7245,13.0
7246,44.0
7247,18.4
7248,65.0
7249,7.4
7250,0.4
7251,19.8
7252,6.8
7253,1.4
7254,1.6
7255,171.6
7256,0.2
7257,170.0
7258,1.6
7259,14.2
7260,1277.6
7261,15.4
7262,352.0
7263,5.6
7264,0.2
7265,9.6
7266,0.0
7267,0.0
7268,3.0
7269,0.0
7270,0.0
7271,57.8
7272,186.6
7273,4.8
7274,1.0
7275,15.2
7276,0.0
7277,37.6
7278,4.6
7279,267.8
7280,517.6
7281,0.0
7282,1.0
7283,1.8
7284,0.8
7285,3.2
7286,1.4
7287,0.2
7288,59.6
7289,13.4
7290,32.4
7291,1.4
7292,1.6
7293,4.4
7294,13.0
7295,9.2
7296,0.6
7297,0.2
7298,139.4
7299,0.6
7300,0.6
7301,2.8
7302,184.4
7303,0.6
7304,2.0
7305,6.6
7306,2.4
7307,18.8
7308,9.0
7309,0.8
7310,1.2
7311,113.8
7312,2.0
7313,0.8
7314,509.8
7315,92.6
7316,3.8
7317,4.2
7318,3.8
7319,3.2
7320,21.6
7321,11.8
7322,1.6
7323,0.8
7324,8.2
7325,782.8
7326,0.6
7327,4.2
7328,4.8
7329,146.4
7330,233.2
7331,6.0
7332,0.6
7333,2.4
7334,4.2
7335,1.6
7336,19.2
7337,63.0
7338,5.8
7339,98.6
7340,2.2
7341,0.6
7342,0.4
7343,15.6
7344,17.4
7345,21.0
7346,0.0
7347,0.2
7348,16.4
7349,10.6
7350,2.4
7351,172.6
7352,12.8
7353,41.6
7354,8.6
7355,21.0
7356,0.8
7357,12.6
7358,25.2
7359,41.6
7360,39.0
7361,19.2
7362,15.0
7363,84.2
7364,8.0
7365,52.6
7366,8.2
7367,23.0
7368,371.4
7369,45.8
7370,43.0
7371,8.0
7372,40.4
7373,23.4
7374,2.8
7375,12.2
7376,4.0
7377,265.8
7378,75.4
7379,1.6
7380,48.0
7381,7.6
7382,1.6
7383,4.8
7384,5.0
7385,3.0
7386,84.4
7387,14.4
7388,237.6
7389,9.2
7390,0.6
7391,6.4
7392,29.2
7393,22.4
7394,2.0
7395,2.2
7396,43.8
7397,15.0
7398,117.8
7399,2.6
7400,2.2
7401,5.2
7402,159.2
7403,28.2
7404,35.0
7405,0.0
7406,7.0
7407,26.0
7408,63.0
7409,1.4
7410,851.2
7411,36.2
7412,6.0
7413,13.8
7414,1.4
7415,59.4
7416,415.0
7417,430.0
7418,15.6
7419,11.2
7420,6.8
7421,9.2
7422,251.8
7423,33.0
7424,174.4
7425,5.0
7426,353.2
7427,5.8
7428,19.6
7429,1.0
7430,43.6
7431,3.8
7432,1.2
7433,3.8
7434,10093.6
7435,0.4
7436,109.4
7437,45.4
7438,8.0
7439,72.4
7440,59.8
7441,86.0
7442,3.4
7443,0.2
7444,5.8
7445,0.4
7446,2.2
7447,124.6
7448,6.2
7449,0.4
7450,1.0
7451,39.4
7452,70.4
7453,10.4
7454,2.0
7455,10.2
7456,14.0
7457,1.2
7458,8.6
7459,10.8
7460,1.6
7461,6.0
7462,1222.8
7463,2.4
7464,64.8
7465,164.6
7466,3.2
7467,249.6
7468,18.4
7469,12713.4
7470,5.8
7471,6.6
7472,25.6
7473,72.8
7474,0.2
7475,4.4
7476,0.0
7477,4.0
7478,1.8
7479,46.2
7480,6.2
7481,0.6
7482,5.0
7483,8.6
7484,1.2
7485,4.0
7486,2.6
7487,7.0
7488,7.6
7489,11.8
7490,10.4
7491,11.6
7492,20.2
7493,123.2
7494,77.2
7495,269.0
7496,2.2
7497,32.8
7498,2.0
7499,99.2
7500,48.8
7501,19.6
7502,33.2
7503,20.4
7504,3.6
7505,96.4
7506,9.0
7507,11.8
7508,2.0
7509,1.8
7510,1.2
7511,150.8
7512,31.2
7513,41.6
7514,0.2
7515,12.2
7516,1.0
7517,59.8
7518,1.2
7519,0.6
7520,16.8
7521,19.2
7522,2.2
7523,1.6
7524,0.0
7525,25.6
7526,14.6
7527,5.8
7528,24.4
7529,1.6
7530,26.8
7531,0.6
7532,2.4
7533,2.6
7534,1.0
7535,119.4
7536,43.6
7537,111.4
7538,42.2
7539,0.4
7540,7.4
7541,2.0
7542,17.8
7543,44.0
7544,0.6
7545,4.2
7546,13.0
7547,45.8
7548,46.6
7549,0.0
7550,3.0
7551,33.0
7552,10.8
7553,21.6
7554,18.8
7555,22.0
7556,121.2
7557,25.6
7558,988.8
7559,45.4
7560,48.6
7561,0.2
7562,93.0
7563,1.6
7564,37.8
7565,0.6
7566,121.8
7567,4.4
7568,27.2
7569,17.4
7570,31.2
7571,17.8
7572,22.4
7573,70.8
7574,18.4
7575,21.2
7576,0.4
7577,0.6
7578,84.8
7579,4.8
7580,1.6
7581,1.0
7582,10.4
7583,11.4
7584,4.6
7585,18.6
7586,1.0
7587,4.2
7588,11.6
7589,21.8
7590,74.8
7591,1.0
7592,15.8
7593,42.8
7594,6.0
7595,4.2
7596,18.2
7597,6.2
7598,31.2
7599,151.8
7600,3.0
7601,10.8
7602,1.6
7603,4.8
7604,8.0
7605,33.4
7606,54.2
7607,118.8
7608,7.2
7609,0.8
7610,62.6
7611,2.2
7612,2.2
7613,2.6
7614,2.4
7615,0.2
7616,2.8
7617,29.8
7618,386.2
7619,7.4
7620,5236.0
7621,1.2
7622,0.6
7623,131.2
7624,1.2
7625,2.0
7626,0.8
7627,8.6
7628,1.2
7629,31.6
7630,33.2
7631,61.0
7632,2.0
7633,5.4
7634,26.4
7635,47.0
7636,127.6
7637,572.0
7638,70.0
7639,79.4
7640,9832.8
7641,67.4
7642,443.4
7643,9.8
7644,0.4
7645,46.8
7646,184.8
7647,9.2
7648,3.0
7649,13.0
7650,10.4
7651,17.4
7652,22.8
7653,57.6
7654,3610.6
7655,6.6
7656,0.8
7657,44.6
7658,0.8
7659,18.0
7660,70.8
7661,4.2
7662,2.0
7663,4.2
7664,53.8
7665,1.0
7666,1.2
7667,36.0
7668,2.8
7669,0.0
7670,0.8
7671,0.2
7672,4.2
7673,0.0
7674,54.8
7675,3.6
7676,0.6
7677,22.6
7678,3.2
7679,0.4
7680,73.6
7681,54.8
7682,187.0
7683,0.0
7684,91.2
7685,20.2
7686,1.8
7687,26.4
7688,11.6
7689,0.8
7690,1.0
7691,44.8
7692,100.0
7693,36.8
7694,316.2
7695,0.4
7696,2.2
7697,7.6
7698,12144.8
7699,78.2
7700,8294.6
7701,31.4
7702,24.8
7703,18.6
7704,38.0
7705,27.8
7706,1.6
7707,2.6
7708,2.4
7709,4.2
7710,2.6
7711,2.6
7712,4.4
7713,141.0
7714,5.6
7715,120.8
7716,1.0
7717,3.2
7718,114.2
7719,4.6
7720,2.6
7721,5.2
7722,16.6
7723,15.2
7724,14.0
7725,111.6
7726,4.2
7727,71.0
7728,39516.6
7729,13.2
7730,1.0
7731,2.4
7732,5.4
7733,3.8
7734,90.4
7735,1.8
7736,31.6
7737,39.8
7738,4.4
7739,20.8
7740,98.2
7741,4.8
7742,1.2
7743,14.0
7744,0.0
7745,0.8
7746,142.2
7747,14.8
7748,10.2
7749,1.8
7750,4.8
7751,8.8
7752,6.0
7753,2.2
7754,73.4
7755,81.6
7756,0.6
7757,0.0
7758,33.8
7759,5.8
7760,26013.2
7761,16.2
7762,5.6
7763,1.2
7764,40.6
7765,15.8
7766,43.4
7767,0.0
7768,2.8
7769,7.8
7770,9.0
7771,17.6
7772,36.0
7773,2.4
7774,8.2
7775,16.2
7776,7.6
7777,2.8
7778,0.4
7779,3.0
7780,43.4
7781,63.0
7782,1.0
7783,0.2
7784,29.8
7785,52.2
7786,28.4
7787,3.8
7788,373.4
7789,10.4
7790,39.6
7791,0.2
7792,25.4
7793,2705.6
7794,21.8
7795,2.6
7796,3.4
7797,151.6
7798,57.6
7799,0.4
7800,18.2
7801,24.0
7802,117.0
7803,18.0
7804,66.6
7805,0.8
7806,7.2
7807,71.2
7808,0.0
7809,34.6
7810,30.6
7811,4.8
7812,0.0
7813,3.6
7814,23.0
7815,3.8
7816,81.8
7817,15.8
7818,3.2
7819,0.4
7820,52.6
7821,13.8
7822,5.0
7823,34.0
7824,16.0
7825,47.8
7826,215.0
7827,2.8
7828,1.2
7829,9.6
7830,20.0
7831,11.8
7832,1.8
7833,15.2
7834,8.6
7835,4.4
7836,1.8
7837,4.4
7838,4.0
7839,298.0
7840,5.2
7841,18.0
7842,7.6
7843,149.6
7844,14.0
7845,4.4
7846,21.8
7847,345.4
7848,44.0
7849,2.4
7850,225.0
7851,105.4
7852,2.8
7853,0.4
7854,3.8
7855,2.0
7856,0.4
7857,4.0
7858,2.0
7859,0.2
7860,3.4
7861,1.0
7862,1.0
7863,0.8
7864,4.2
7865,1.2
7866,22.4
7867,1.2
7868,0.6
7869,43.4
7870,15.6
7871,0.0
7872,5.2
7873,3.2
7874,1.0
7875,16.4
7876,40.6
7877,49.6
7878,30.6
7879,9.0
7880,0.0
7881,7.2
7882,21.2
7883,5.8
7884,105.8
7885,37.2
7886,8.6
7887,0.6
7888,13.6
7889,46.8
7890,87.8
7891,1.4
7892,215.0
7893,26.6
7894,9.2
7895,701.6
7896,20.8
7897,0.4
7898,33.2
7899,59.6
7900,13.6
7901,161.6
7902,30.2
7903,7.0
7904,0.2
7905,289.2
7906,1.0
7907,3.4
7908,7.2
7909,6.8
7910,4.4
7911,2.6
7912,15.6
7913,43.4
7914,2.8
7915,16.0
7916,19.4
7917,3.8
7918,24.4
7919,12.6
7920,11.4
7921,1.6
7922,8901.4
7923,0.6
7924,0.8
7925,11.2
7926,6.0
7927,0.8
7928,94.2
7929,0.8
7930,0.2
7931,0.2
7932,523.4
7933,3.8
7934,54.2
7935,2.4
7936,12.4
7937,41.6
7938,6.2
7939,103.4
7940,4.2
7941,0.2
7942,11.4
7943,12.2
7944,0.6
7945,0.4
7946,12.2
7947,1.2
7948,86.4
7949,0.8
7950,27.6
7951,160.2
7952,129.4
7953,454.6
7954,4.6
7955,33.6
7956,22.4
7957,1.2
7958,52.4
7959,0.0
7960,41.4
7961,3.2
7962,26.0
7963,11.0
7964,4.0
7965,5.6
7966,170.8
7967,12847.6
7968,64.4
7969,10.4
7970,12.0
7971,165.2
7972,0.8
7973,672.4
7974,9.0
7975,1.8
7976,3.0
7977,4.6
7978,1203.0
7979,6.6
7980,6.0
7981,12013.6
7982,28.0
7983,44.0
7984,2.2
7985,24.0
7986,7.4
7987,15.6
7988,0.6
7989,53.6
7990,0.6
7991,32.0
7992,30.4
7993,20.4
7994,17.6
7995,28.0
7996,35.4
7997,22.0
7998,1.2
7999,47.8
8000,6.4
8001,49.0
8002,22.6
8003,206.4
8004,3.0
8005,0.8
8006,2.0
8007,0.4
8008,4.0
8009,341.4
8010,340.8
8011,2.2
8012,3.0
8013,0.4
8014,1.0
8015,4.6
8016,16.6
8017,43.0
8018,0.4
8019,7.4
8020,65.0
8021,25.0
8022,1.4
8023,3.8
8024,1.6
8025,1.0
8026,2.2
8027,35.6
8028,147.2
8029,8.6
8030,509.2
8031,20.2
8032,51.4
8033,1.6
8034,0.2
8035,6.6
8036,0.0
8037,12.6
8038,27.6
8039,2.6
8040,25.4
8041,2.4
8042,20.6
8043,9.6
8044,519.6
8045,1.4
8046,2.2
8047,7.6
8048,5.2
8049,0.4
8050,1.2
8051,3.6
8052,2.4
8053,3.4
8054,16.0
8055,139.6
8056,30.4
8057,375.8
8058,70.4
8059,8.2
8060,87.8
8061,4.6
8062,91.4
8063,66.4
8064,2.8
8065,5.6
8066,71.8
8067,19.8
8068,98.8
8069,32.0
8070,53.2
8071,2.2
8072,19.0
8073,0.2
8074,63.4
8075,24.6
8076,11.8
8077,75.8
8078,211.2
8079,870.2
8080,154.2
8081,58.2
8082,0.2
8083,1.0
8084,1.0
8085,0.8
8086,12712.4
8087,5.2
8088,834.2
8089,84.6
8090,3.0
8091,3.8
8092,1.0
8093,7.2
8094,286.8
8095,12.8
8096,16.6
8097,17.8
8098,10.6
8099,5.8
8100,8.2
8101,919.6
8102,13.6
8103,13.0
8104,2.2
8105,11.0
8106,14.8
8107,4.0
8108,0.6
8109,87.0
8110,18.4
8111,3.4
8112,23.4
8113,11405.4
8114,28.4
8115,0.0
8116,34.8
8117,9.8
8118,13.4
8119,2.0
8120,0.4
8121,3.2
8122,76.6
8123,233.2
8124,79.8
8125,1.4
8126,3.4
8127,0.6
8128,164.6
8129,0.6
8130,15.0
8131,10.0
8132,38.0
8133,19.0
8134,22.6
8135,1.2
8136,14.0
8137,2.4
8138,40.2
8139,12.8
8140,1.0
8141,0.4
8142,2.2
8143,3.4
8144,9.2
8145,103.0
8146,18.8
8147,14.4
8148,0.8
8149,9.8
8150,2944.8
8151,0.8
8152,50.8
8153,21.4
8154,6.0
8155,1.8
8156,37.2
8157,27.2
8158,22.0
8159,51.8
8160,2.4
8161,3.8
8162,26.4
8163,6.4
8164,73.0
8165,0.2
8166,62.4
8167,5.2
8168,0.6
8169,6.8
8170,0.8
8171,641.8
8172,1.8
8173,11.8
8174,8775.2
8175,2.2
8176,108.0
8177,0.2
8178,1.4
8179,104.8
8180,9.4
8181,0.6
8182,0.0
8183,1.4
8184,0.4
8185,129.8
8186,1.6
8187,35.2
8188,22.2
8189,35.6
8190,15.2
8191,5.2
8192,21.6
8193,32.2
8194,9.0
8195,1.0
8196,97.6
8197,0.2
8198,3.6
8199,15.8
8200,9.4
8201,0.4
8202,161.4
8203,1.8
8204,2.0
8205,19.0
8206,9.0
8207,13.4
8208,6.4
8209,26.6
8210,0.8
8211,12.8
8212,43.2
8213,12.4
8214,98.4
8215,18.2
8216,24.8
8217,13.8
8218,37.4
8219,91.0
8220,3.4
8221,22.0
8222,158.8
8223,48.8
8224,20.0
8225,31.4
8226,14.0
8227,120.2
8228,23.2
8229,10.6
8230,0.6
8231,88.2
8232,100.6
8233,11.2
8234,6.6
8235,0.8
8236,3.0
8237,5.4
8238,7.8
8239,3.8
8240,8.8
8241,0.0
8242,2.8
8243,8.8
8244,191.8
8245,1.2
8246,2.4
8247,3.2
8248,0.6
8249,46.0
8250,0.6
8251,0.2
8252,2.6
8253,9.2
8254,1.4
8255,27.0
8256,3.0
8257,29.4
8258,9.0
8259,25.0
8260,7.4
8261,8.2
8262,57.8
8263,2.0
8264,43.0
8265,2.6
8266,2.2
8267,85.0
8268,18.4
8269,8.2
8270,12.6
8271,4.4
8272,15.0
8273,8221.6
8274,1.0
8275,3.0
8276,124.0
8277,27.6
8278,0.4
8279,17.2
8280,0.2
8281,0.6
8282,10.2
8283,212.2
8284,2.2
8285,9.2
8286,0.2
8287,15.6
8288,0.6
8289,22.8
8290,15.2
8291,3.8
8292,2.4
8293,4.2
8294,0.8
8295,0.0
8296,595.8
8297,100.6
8298,10.0
8299,56.8
8300,7.0
8301,1.0
8302,5.8
8303,5.4
8304,10.2
8305,11.0
8306,10.4
8307,40.6
8308,0.2
8309,2.0
8310,0.0
8311,0.2
8312,1.4
8313,4.8
8314,0.8
8315,52.8
8316,25.4
8317,146.2
8318,6.0
8319,0.8
8320,16.4
8321,0.4
8322,11.2
8323,19.2
8324,5.8
8325,12.6
8326,24.4
8327,1.6
8328,2.6
8329,7.8
8330,20.6
8331,3.8
8332,14.6
8333,8.2
8334,6.0
8335,13.4
8336,45.8
8337,13.0
8338,431.4
8339,4.2
8340,0.4
8341,0.2
8342,12.8
8343,6.0
8344,4.4
8345,18.6
8346,1.6
8347,0.8
8348,1.0
8349,10.4
8350,0.2
8351,50.4
8352,16.0
8353,14.8
8354,3.8
8355,18.6
8356,10.6
8357,0.8
8358,677.2
8359,0.6
8360,0.6
8361,72.8
8362,6.8
8363,85.4
8364,30.4
8365,15.2
8366,57.2
8367,29.2
8368,7.0
8369,26.6
8370,3.2
8371,19.2
8372,129.6
8373,48.8
8374,161.6
8375,117.0
8376,11.0
8377,2.0
8378,14.4
8379,2.6
8380,105.4
8381,117.4
8382,1.6
8383,638.6
8384,68.4
8385,1.4
8386,21.2
8387,18.0
8388,0.4
8389,21.2
8390,5.2
8391,2.8
8392,38.2
8393,144.4
8394,0.8
8395,16.2
8396,0.0
8397,50.6
8398,9.0
8399,3.2
8400,57.6
8401,39.0
8402,23.4
8403,5.6
8404,130.6
8405,169.2
8406,8.6
8407,0.2
8408,3.6
8409,119.2
8410,2.0
8411,523.0
8412,7.6
8413,15.2
8414,457.4
8415,3.4
8416,110.4
8417,5.0
8418,3.8
8419,9.2
8420,1.0
8421,0.2
8422,58.4
8423,2.6
8424,17.2
8425,120.0
8426,2.0
8427,0.0
8428,3.0
8429,12.4
8430,4.2
8431,8.4
8432,183.4
8433,139.6
8434,43.6
8435,2.2
8436,10.0
8437,0.4
8438,7.8
8439,3.0
8440,0.4
8441,14108.8
8442,1.8
8443,1.0
8444,117.6
8445,1.4
8446,2.8
8447,0.2
8448,0.6
8449,5.0
8450,194.2
8451,6.6
8452,77.6
8453,15.2
8454,30.2
8455,24.8
8456,29.4
8457,0.8
8458,10.2
8459,3.0
8460,31.0
8461,2.2
8462,0.0
8463,0.8
8464,23.4
8465,0.2
8466,10.0
8467,5.4
8468,11.6
8469,0.2
8470,3.2
8471,10.4
8472,0.4
8473,0.6
8474,20.2
8475,51.6
8476,37.4
8477,578.0
8478,1.6
8479,287.6
8480,4.0
8481,144.6
8482,0.6
8483,5.0
8484,6.8
8485,1.4
8486,20.0
8487,0.2
8488,3.8
8489,9.2
8490,36.4
8491,10.6
8492,16.6
8493,24.8
8494,3.6
8495,36.8
8496,1.2
8497,13.0
8498,14.4
8499,0.6
8500,1.8
8501,7.0
8502,111.4
8503,18.6
8504,8.6
8505,62.8
8506,2.0
8507,1.6
8508,25.0
8509,3.0
8510,16.6
8511,10.8
8512,0.6
8513,4.2
8514,19.8
8515,82.6
8516,9.0
8517,73.2
8518,1.4
8519,878.0
8520,26.6
8521,22.4
8522,3.0
8523,6.0
8524,13.6
8525,4.6
8526,8.0
8527,152.6
8528,2.8
8529,1.6
8530,1.2
8531,1.0
8532,7.4
8533,158.4
8534,36.2
8535,3.0
8536,1.6
8537,13.4
8538,2.4
8539,312.2
8540,3.8
8541,29.6
8542,1.2
8543,4.6
8544,21.6
8545,32.2
8546,5.0
8547,9.8
8548,42.6
8549,22.2
8550,1.4
8551,167.0
8552,0.2
8553,1.2
8554,5.2
8555,4.2
8556,0.0
8557,22.0
8558,1.2
8559,2.4
8560,1.2
8561,7.2
8562,0.0
8563,8.2
8564,1062.6
8565,46.8
8566,14.4
8567,2.6
8568,31.2
8569,8.0
8570,21.8
8571,68.4
8572,87.4
8573,2.0
8574,5.2
8575,24.6
8576,0.4
8577,5.0
8578,24.0
8579,41.6
8580,8.8
8581,167.6
8582,0.6
8583,114.0
8584,9.8
8585,6.8
8586,0.8
8587,13.2
8588,569.2
8589,1.8
8590,277.4
8591,13.2
8592,4.0
8593,0.4
8594,1.4
8595,15.0
8596,7.0
8597,0.8
8598,1.6
8599,7.8
8600,0.4
8601,164.6
8602,0.2
8603,3.4
8604,51.6
8605,0.6
8606,14.4
8607,3.4
8608,1.0
8609,5.2
8610,4.8
8611,1.4
8612,135.6
8613,29.6
8614,17.0
8615,33.4
8616,9.8
8617,875.2
8618,97.4
8619,26.4
8620,2.8
8621,6.8
8622,9.2
8623,5.0
8624,322.6
8625,0.2
8626,0.0
8627,0.0
8628,10.0
8629,1.2
8630,0.4
8631,1.4
8632,1.8
8633,31.0
8634,134.0
8635,5.6
8636,9.4
8637,4.8
8638,6.4
8639,42.0
8640,3.4
8641,9.4
8642,7.0
8643,27.0
8644,26.2
8645,0.8
8646,40.6
8647,79.8
8648,58.0
8649,3.6
8650,6.2
8651,279.2
8652,6.0
8653,8.4
8654,1.0
8655,13.0
8656,15.2
8657,11.8
8658,7.0
8659,3.8
8660,2.6
8661,425.8
8662,17.2
8663,107.8
8664,13.0
8665,3.2
8666,2.0
8667,70.8
8668,13.8
8669,9.0
8670,10.2
8671,0.8
8672,8.2
8673,9.4
8674,1.6
8675,10.0
8676,147.6
8677,47.4
8678,35.4
8679,4.0
8680,271.2
8681,11.8
8682,18.0
8683,125.8
8684,24.8
8685,9.6
8686,9.4
8687,16.6
8688,874.4
8689,0.6
8690,5.4
8691,1.2
8692,0.0
8693,45.6
8694,907.2
8695,3.0
8696,3.4
8697,68.0
8698,39.2
8699,0.2
8700,3.2
8701,13.6
8702,328.8
8703,0.4
8704,0.2
8705,4.2
8706,109.2
8707,3.8
8708,2.6
8709,0.8
8710,490.2
8711,0.2
8712,175.4
8713,97.6
8714,10.4
8715,38.0
8716,2779.4
8717,3.2
8718,0.0
8719,73.4
8720,2.0
8721,18.0
8722,35.6
8723,6.8
8724,10.6
8725,1.0
8726,1.0
8727,1.2
8728,11.4
8729,46.0
8730,488.2
8731,787.2
8732,50.2
8733,4.2
8734,120.2
8735,107.6
8736,0.6
8737,0.6
8738,2.6
8739,43.4
8740,2.2
8741,1.4
8742,10.6
8743,2.2
8744,69.8
8745,38.4
8746,13.2
8747,1.6
8748,2.8
8749,1.8
8750,3.0
8751,4.0
8752,2.2
8753,1.8
8754,60.2
8755,25.0
8756,136.4
8757,3.8
8758,4.0
8759,59.8
8760,94.4
8761,0.2
8762,8.8
8763,0.4
8764,66.8
8765,45.8
8766,143.0
8767,1.8
8768,1.4
8769,2.8
8770,11.0
8771,5.4
8772,92.8
8773,57.0
8774,8.8
8775,2.2
8776,36.8
8777,7.4
8778,13.4
8779,41.6
8780,0.0
8781,3.4
8782,72.0
8783,5.2
8784,7.4
8785,10.2
8786,1.2
8787,0.0
8788,19.8
8789,1.2
8790,5.8
8791,2.8
8792,0.6
8793,60.8
8794,108.0
8795,7.2
8796,1.4
8797,14.6
8798,0.0
8799,3.2
8800,0.4
8801,13.2
8802,3.2
8803,65.6
8804,45.4
8805,51.4
8806,1.4
8807,122.4
8808,34.0
8809,2.6
8810,0.6
8811,618.2
8812,25.2
8813,285.4
8814,11.8
8815,4.2
8816,21.2
8817,47.8
8818,2.0
8819,8.4
8820,35.6
8821,255.8
8822,757.6
8823,6.6
8824,295.0
8825,48.4
8826,2.8
8827,9.4
8828,10.6
8829,0.8
8830,11.8
8831,19.0
8832,34.8
8833,0.2
8834,1.6
8835,5.0
8836,1.6
8837,82.8
8838,10.2
8839,3.4
8840,0.2
8841,11.2
8842,2.4
8843,1.0
8844,56.6
8845,30.0
8846,3.6
8847,108.8
8848,0.0
8849,50.2
8850,1.0
8851,46.2
8852,7.2
8853,21.6
8854,3.2
8855,3.2
8856,14.6
8857,9188.8
8858,0.4
8859,8.0
8860,0.4
8861,43.0
8862,3.4
8863,0.2
8864,0.6
8865,102.2
8866,7.4
8867,0.4
8868,16.2
8869,1.4
8870,0.2
8871,8.8
8872,108.6
8873,80.0
8874,3.6
8875,9.6
8876,4.8
8877,3.0
8878,2.2
8879,7.6
8880,1.0
8881,362.0
8882,16.2
8883,15.6
8884,8.8
8885,87.4
8886,0.0
8887,32.4
8888,0.8
8889,6.2
8890,3.6
8891,0.8
8892,0.0
8893,2.0
8894,7.6
8895,1.8
8896,6.6
8897,8.6
8898,67.4
8899,20.2
8900,6.6
8901,3.6
8902,1.4
8903,1.0
8904,5.2
8905,13.4
8906,0.2
8907,1.4
8908,8.2
8909,6.0
8910,0.2
8911,2.6
8912,212.0
8913,400.2
8914,4.6
8915,161.4
8916,0.2
8917,5.4
8918,62.4
8919,74.0
8920,0.8
8921,0.0
8922,73.6
8923,428.2
8924,4.6
8925,13.0
8926,6.0
8927,0.0
8928,1.0
8929,3.2
8930,0.4
8931,1.8
8932,71.4
8933,67.8
8934,83.2
8935,0.0
8936,1.2
8937,518.4
8938,7.8
8939,2.0
8940,4.4
8941,7.2
8942,20.0
8943,4.4
8944,12.4
8945,8.2
8946,104.0
8947,1.0
8948,19.4
8949,370.2
8950,1.2
8951,0.4
8952,6.0
8953,11.0
8954,3.2
8955,16.6
8956,2.6
8957,7.0
8958,15.0
8959,21.8
8960,54.6
8961,0.0
8962,17.8
8963,22.0
8964,38.8
8965,11.0
8966,6.0
8967,127.4
8968,44.6
8969,1.2
8970,1.0
8971,23.8
8972,1.0
8973,1.0
8974,0.4
8975,2.2
8976,0.4
8977,46.6
8978,2.4
8979,81.0
8980,5.4
8981,64.0
8982,465.0
8983,58.4
8984,15.0
8985,17.4
8986,9.0
8987,43.0
8988,1.8
8989,4.2
8990,7.6
8991,272.4
8992,0.4
8993,0.2
8994,74.2
8995,116.4
8996,10.8
8997,19.6
8998,15.6
8999,304.6
9000,2.6
9001,2.6
9002,18.4
9003,4.0
9004,16.6
9005,40.8
9006,0.4
9007,1.0
9008,61.6
9009,99.6
9010,7.4
9011,859.0
9012,0.6
9013,5.2
9014,62.4
9015,3.6
9016,8.8
9017,49.0
9018,1.0
9019,1.6
9020,0.6
9021,10.0
9022,2.2
9023,0.0
9024,0.0
9025,3.6
9026,9.0
9027,11.8
9028,27.4
9029,1.8
9030,64.8
9031,1.0
9032,4.6
9033,0.0
9034,8.2
9035,1.2
9036,9.0
9037,2.0
9038,73.6
9039,3.8
9040,16.4
9041,3.2
9042,7.0
9043,2.4
9044,13.4
9045,198.4
9046,2.8
9047,0.4
9048,11.4
9049,979.2
9050,78.0
9051,0.0
9052,53.8
9053,118.8
9054,16.4
9055,93.4
9056,0.0
9057,16.8
9058,2.4
9059,17.8
9060,6.6
9061,0.6
9062,36.0
9063,39.0
9064,1.8
9065,30.6
9066,2.8
9067,1.2
9068,19.6
9069,1.6
9070,143.6
9071,1.4
9072,28.8
9073,31.6
9074,140.0
9075,2.2
9076,5.8
9077,16.6
9078,6.4
9079,1.2
9080,15.2
9081,16.2
9082,1.8
9083,8.8
9084,10.8
9085,1.0
9086,0.0
9087,5.8
9088,207.0
9089,34.8
9090,0.2
9091,23.6
9092,231.0
9093,25.4
9094,2.8
9095,29.6
9096,834.2
9097,10.2
9098,0.6
9099,15.0
9100,6.0
9101,1.0
9102,12.6
9103,2.8
9104,4.2
9105,4.2
9106,1.4
9107,227.8
9108,11.6
9109,12.0
9110,138.0
9111,4.4
9112,13.4
9113,5.6
9114,39.8
9115,23.2
9116,144.4
9117,683.2
9118,17.2
9119,9998.6
9120,6.2
9121,13.8
9122,0.0
9123,3.2
9124,5.6
9125,34.6
9126,7.8
9127,22.4
9128,66.2
9129,197.0
9130,4.6
9131,7.4
9132,16.4
9133,38.6
9134,118.0
9135,1.8
9136,5.6
9137,49.4
9138,1.8
9139,0.2
9140,75.4
9141,33.6
9142,3.0
9143,374.8
9144,10.6
9145,2.4
9146,0.4
9147,29.4
9148,15.0
9149,0.0
9150,0.2
9151,1.6
9152,0.6
9153,8.4
9154,0.4
9155,179.2
9156,62.8
9157,6.0
9158,0.2
9159,4.8
9160,9.2
9161,28.0
9162,0.2
9163,39.8
9164,16.4
9165,6.0
9166,156.8
9167,9.2
9168,13886.8
9169,3.6
9170,260.2
9171,6.8
9172,5.2
9173,7.0
9174,3.6
9175,417.6
9176,31.2
9177,1.0
9178,0.4
9179,17.0
9180,162.2
9181,2.8
9182,2.0
9183,7.6
9184,11.2
9185,169.6
9186,1.2
9187,2.6
9188,97.0
9189,211.8
9190,4.8
9191,16.6
9192,21.6
9193,4.6
9194,3.0
9195,22.4
9196,29.2
9197,14.6
9198,6.0
9199,51.0
9200,0.0
9201,1.6
9202,1.2
9203,7.6
9204,16.0
9205,27.8
9206,95.4
9207,5.6
9208,79.4
9209,1.6
9210,127.8
9211,7.2
9212,166.4
9213,1.8
9214,28.6
9215,2.2
9216,9.8
9217,1.0
9218,4.6
9219,16.0
9220,6.2
9221,24.6
9222,1332.8
9223,1.6
9224,0.4
9225,1.4
9226,452.4
9227,2.8
9228,82.0
9229,0.0
9230,11.0
9231,213.8
9232,1.6
9233,1.2
9234,10.0
9235,1.8
9236,36.0
9237,8.4
9238,2.8
9239,30.0
9240,112.6
9241,4.2
9242,0.0
9243,11.8
9244,91.0
9245,149.0
9246,3.0
9247,13.4
9248,1.2
9249,2.8
9250,529.4
9251,1.2
9252,6.8
9253,12.0
9254,3.0
9255,2.6
9256,224.0
9257,0.0
9258,9.4
9259,15.6
9260,0.6
9261,61.8
9262,14796.6
9263,15.0
9264,0.8
9265,0.2
9266,262.6
9267,2.8
9268,2.6
9269,1.2
9270,4.4
9271,8.4
9272,2.6
9273,1.6
9274,3.6
9275,3.6
9276,91.6
9277,9.8
9278,28.4
9279,40.8
9280,8.6
9281,6.0
9282,36.0
9283,22.8
9284,4.4
9285,0.4
9286,23.8
9287,16.8
9288,71.4
9289,105.2
9290,2.2
9291,1.2
9292,0.8
9293,0.2
9294,246.4
9295,308.0
9296,37.0
9297,22.2
9298,7.4
9299,61.0
9300,12.4
9301,5.4
9302,8.8
9303,185.8
9304,73.6
9305,19.4
9306,7.6
9307,31.8
9308,27.0
9309,3.4
9310,16.6
9311,4.6
9312,60.4
9313,36.4
9314,0.8
9315,1.4
9316,6.4
9317,37.0
9318,3.8
9319,14.6
9320,3.2
9321,2.6
9322,4.4
9323,276.0
9324,85.4
9325,61.2
9326,81.6
9327,214.6
9328,5.0
9329,244.4
9330,3.0
9331,9.8
9332,1.6
9333,0.4
9334,9.0
9335,0.8
9336,77.2
9337,9.4
9338,1.4
9339,75.2
9340,59.4
9341,10.4
9342,9.2
9343,9.8
9344,126.6
9345,2.0
9346,2.4
9347,107.8
9348,1.4
9349,199.4
9350,0.4
9351,0.6
9352,15.4
9353,1.4
9354,95.8
9355,26.2
9356,3.0
9357,3.2
9358,5.0
9359,8.8
9360,0.8
9361,1.0
9362,21.6
9363,3.8
9364,4.8
9365,6.2
9366,2.0
9367,0.0
9368,8.8
9369,0.4
9370,1.0
9371,0.8
9372,2.4
9373,26.8
9374,317.8
9375,0.8
9376,11.8
9377,5.8
9378,3.8
9379,110.4
9380,21.6
9381,5.8
9382,39.2
9383,47.8
9384,646.6
9385,84.0
9386,5.8
9387,62.0
9388,98.4
9389,3.8
9390,2.2
9391,11.6
9392,412.0
9393,2.2
9394,7.0
9395,14.6
9396,0.2
9397,16.0
9398,0.0
9399,12.4
9400,58.6
9401,0.6
9402,12.0
9403,1.6
9404,2.4
9405,11.6
9406,0.0
9407,5.0
9408,5.8
9409,8.0
9410,110.6
9411,18.8
9412,3.8
9413,33.8
9414,13.6
9415,11.6
9416,71.4
9417,5.2
9418,0.2
9419,40.4
9420,118.4
9421,22.0
9422,24.6
9423,1.0
9424,5.0
9425,1.2
9426,36.2
9427,91.4
9428,6.2
9429,0.0
9430,2.4
9431,14.4
9432,0.6
9433,28.8
9434,0.6
9435,33.4
9436,1.0
9437,4.6
9438,247.8
9439,0.2
9440,59.4
9441,22.6
9442,5.0
9443,1.4
9444,0.2
9445,23.6
9446,20.8
9447,67.0
9448,139.4
9449,8.8
9450,30.4
9451,3.6
9452,40.0
9453,1043.4
9454,1.4
9455,46.8
9456,15.0
9457,3.0
9458,6.4
9459,30.2
9460,19.4
9461,4.2
9462,112.8
9463,129.8
9464,12.4
9465,59.2
9466,3.6
9467,10.0
9468,8.2
9469,2.8
9470,0.0
9471,6.2
9472,0.6
9473,95.2
9474,0.2
9475,0.0
9476,23.8
9477,0.2
9478,4.6
9479,4.0
9480,33.6
9481,1.0
9482,0.4
9483,3.2
9484,0.8
9485,5.6
9486,0.4
9487,76.2
9488,16.0
9489,67.6
9490,3.6
9491,2.8
9492,38.0
9493,11.4
9494,6.4
9495,24.0
9496,0.4
9497,2.8
9498,1.8
9499,1.6
9500,19.0
9501,22.6
9502,0.2
9503,5.6
9504,17.0
9505,7.4
9506,23.0
9507,436.4
9508,16.2
9509,1.6
9510,56.6
9511,3.8
9512,18.8
9513,0.6
9514,277.2
9515,4.2
9516,14.6
9517,27.4
9518,16.0
9519,2.2
9520,4.6
9521,0.2
9522,7.0
9523,10.0
9524,6.0
9525,27.4
9526,1.8
9527,17.8
9528,55.2
9529,26.6
9530,13.2
9531,6.4
9532,60.8
9533,12.2
9534,0.0
9535,20.4
9536,169.2
9537,23.2
9538,98.0
9539,2.6
9540,10.8
9541,4.4
9542,22.8
9543,1.8
9544,296.8
9545,3.0
9546,120.4
9547,2.0
9548,5.2
9549,25.4
9550,36.6
9551,3.6
9552,17.8
9553,14.2
9554,4.8
9555,0.0
9556,2.0
9557,1.4
9558,53.4
9559,174.0
9560,157.6
9561,11.4
9562,14.0
9563,18.0
9564,1.8
9565,4.2
9566,0.2
9567,1.4
9568,79.2
9569,209.4
9570,7.0
9571,25.0
9572,106.6
9573,59.2
9574,1.0
9575,6.0
9576,4.6
9577,1.6
9578,15.0
9579,244.8
9580,29.6
9581,87.0
9582,0.2
9583,1463.4
9584,3.0
9585,44.8
9586,0.6
9587,119.8
9588,15.2
9589,90.0
9590,2.8
9591,2.4
9592,3.0
9593,0.8
9594,1.8
9595,10.8
9596,939.8
9597,0.0
9598,9.8
9599,10.0
9600,1.0
9601,93.2
9602,3.8
9603,122.6
9604,0.2
9605,1.6
9606,5.2
9607,2.2
9608,4.8
9609,0.2
9610,22.6
9611,0.4
9612,3.0
9613,5.4
9614,0.2
9615,14.4
9616,7.0
9617,7.4
9618,6.6
9619,18.4
9620,114.0
9621,58.4
9622,28.8
9623,0.0
9624,16.8
9625,3.2
9626,0.4
9627,1.8
9628,141.2
9629,0.6
9630,13.4
9631,0.6
9632,24.8
9633,3.4
9634,29.6
9635,146.4
9636,5.6
9637,69.2
9638,3.8
9639,378.0
9640,8.0
9641,13.4
9642,1.2
9643,1.8
9644,10.0
9645,41.0
9646,54.0
9647,41.6
9648,25.6
9649,15.6
9650,1.8
9651,3.8
9652,39.6
9653,44.6
9654,2.6
9655,188.4
9656,23.4
9657,91.4
9658,8.6
9659,1.4
9660,0.8
9661,2.6
9662,1.4
9663,4.8
9664,0.8
9665,72.4
9666,74.6
9667,37.0
9668,105.0
9669,21.8
9670,4.0
9671,10.4
9672,0.2
9673,8.6
9674,1.6
9675,3.4
9676,6.6
9677,59.6
9678,2.6
9679,0.2
9680,0.4
9681,3.2
9682,11.6
9683,6.8
9684,43.4
9685,78.8
9686,1.0
9687,675.2
9688,35.6
9689,0.0
9690,78.6
9691,0.4
9692,21.2
9693,11.4
9694,11.2
9695,14.2
9696,30.2
9697,32.0
9698,77.4
9699,1.0
9700,0.0
9701,3.0
9702,0.2
9703,50.8
9704,19.8
9705,31.4
9706,3.2
9707,13.4
9708,19.2
9709,8.4
9710,15.2
9711,21.0
9712,63.0
9713,69.0
9714,11.0
9715,1.2
9716,38.2
9717,0.6
9718,6.8
9719,1.0
9720,39.0
9721,1.6
9722,4.0
9723,212.6
9724,15.2
9725,5.4
9726,145.2
9727,1.6
9728,5.6
9729,2.4
9730,107.6
9731,26.0
9732,443.6
9733,5.0
9734,1.0
9735,11.4
9736,12.6
9737,15.2
9738,73.0
9739,1.0
9740,156.0
9741,2.2
9742,91.8
9743,1.0
9744,0.0
9745,222.6
9746,3.4
9747,5.8
9748,3.0
9749,55.0
9750,11.6
9751,26.2
9752,6.8
9753,5.0
9754,1.2
9755,564.2
9756,5.2
9757,240.2
9758,4.0
9759,0.8
9760,37.4
9761,1.2
9762,17.8
9763,4.6
9764,22.6
9765,0.6
9766,5.8
9767,3.0
9768,2.2
9769,8.4
9770,6.6
9771,3.4
9772,1.6
9773,13.6
9774,1.0
9775,65.0
9776,27.8
9777,15.2
9778,20.4
9779,2.4
9780,2.2
9781,1.8
9782,0.4
9783,16.4
9784,5694.6
9785,0.2
9786,3.2
9787,94.4
9788,2.8
9789,8.8
9790,1.8
9791,791.8
9792,4.4
9793,10.8
9794,4.0
9795,12.4
9796,6.4
9797,108.4
9798,1.6
9799,2.2
9800,30.2
9801,5.6
9802,107.8
9803,22.4
9804,500.6
9805,2.8
9806,3.8
9807,1.0
9808,0.2
9809,4.8
9810,9.6
9811,0.0
9812,1.6
9813,4.0
9814,1.0
9815,50.4
9816,0.0
9817,24.6
9818,16.0
9819,22.6
9820,54.8
9821,0.2
9822,1.2
9823,58.4
9824,9.6
9825,11.8
9826,78.2
9827,18.2
9828,208.4
9829,1.0
9830,11.4
9831,8.6
9832,25.4
9833,5.4
9834,167.2
9835,0.6
9836,69.2
9837,8.4
9838,48.4
9839,0.2
9840,42.0
9841,7.6
9842,14.0
9843,2.0
9844,26.2
9845,9.8
9846,20.8
9847,1.2
9848,1.2
9849,2.0
9850,2.6
9851,2.0
9852,75.4
9853,0.8
9854,64.0
9855,2.6
9856,55.2
9857,133.0
9858,4.4
9859,1.4
9860,1.8
9861,15.2
9862,5.8
9863,11.0
9864,5.4
9865,6.6
9866,420.6
9867,50.6
9868,3.0
9869,9.4
9870,18.0
9871,9.8
9872,466.2
9873,3.8
9874,1.6
9875,14.6
9876,13.6
9877,0.4
9878,0.4
9879,178.2
9880,2.6
9881,12.8
9882,75.4
9883,43.6
9884,2.8
9885,15.2
9886,330.4
9887,0.2
9888,0.0
9889,4.6
9890,16.8
9891,7.4
9892,3.0
9893,0.8
9894,22.0
9895,0.2
9896,2.2
9897,7.4
9898,0.8
9899,28.0
9900,11.6
9901,131.8
9902,9.8
9903,48.6
9904,13.0
9905,14.4
9906,201.0
9907,15.8
9908,2.0
9909,3.2
9910,0.8
9911,0.4
9912,0.0
9913,1026.0
9914,3.2
9915,7.0
9916,11.2
9917,0.2
9918,6.2
9919,178.2
9920,0.4
9921,4.0
9922,28.2
9923,4.4
9924,6.2
9925,8.8
9926,4.4
9927,7.0
9928,4.6
9929,10.8
9930,69.8
9931,1.2
9932,1.2
9933,3.6
9934,27.6
9935,26.2
9936,1.4
9937,2.0
9938,21.0
9939,3.6
9940,0.6
9941,12.2
9942,122.2
9943,1.2
9944,31.0
9945,1.8
9946,12.6
9947,86.6
9948,0.2
9949,21.4
9950,1.8
9951,1.8
9952,5428.8
9953,3.6
9954,8.4
9955,4.6
9956,0.2
9957,1.6
9958,1.2
9959,15.4
9960,7.6
9961,15.4
9962,9.6
9963,23.2
9964,49.4
9965,1.0
9966,33.0
9967,6.4
9968,2.2
9969,23.0
9970,57.6
9971,5.6
9972,209.2
9973,2.8
9974,133.4
9975,0.4
9976,3.6
9977,2.0
9978,18.2
9979,159.4
9980,0.0
9981,0.0
9982,0.2
9983,47.4
9984,610.8
9985,459.0
9986,0.4
9987,0.0
9988,1.4
9989,1.6
9990,1.6
9991,50.0
9992,0.0
9993,20.0
9994,0.8
9995,136.6
9996,9.0
9997,1.6
9998,0.6
9999,6.2
10000,4.0
10001,9.8
10002,29.8
10003,10.0
10004,1.4
10005,6.8
10006,11.0
10007,1.2
10008,66.8
10009,0.2
10010,12.0
10011,25.6
10012,2.2
10013,0.0
10014,11.4
10015,0.8
10016,184.6
10017,24.2
10018,718.6
10019,425.2
10020,2.4
10021,31.6
10022,47.6
10023,59.6
10024,5.2
10025,0.2
10026,1.2
10027,6.2
10028,8.6
10029,0.2
10030,0.6
10031,31.2
10032,1.0
10033,0.6
10034,2.6
10035,3.2
10036,12.8
10037,18.2
10038,1.0
10039,1.6
10040,432.8
10041,6.2
10042,5.6
10043,0.6
10044,2.8
10045,160.6
10046,3.4
10047,1.0
10048,160.8
10049,0.2
10050,0.6
10051,10.6
10052,4.4
10053,19.4
10054,22.2
10055,14.2
10056,466.4
10057,0.2
10058,4.4
10059,780.8
10060,4.8
10061,33.0
10062,1.0
10063,0.8
10064,1.0
10065,79.8
10066,55.6
10067,2.0
10068,2.0
10069,2.4
10070,0.4
10071,3.6
10072,117.2
10073,10.0
10074,3.8
10075,70.4
10076,119.2
10077,8.2
10078,78.0
10079,3.6
10080,4.0
10081,1.0
10082,3.6
10083,0.2
10084,71.0
10085,0.8
10086,1.2
10087,0.6
10088,462.0
10089,75.6
10090,9.6
10091,3.0
10092,2.4
10093,1114.0
10094,17.8
10095,116.0
10096,49.6
10097,149.8
10098,2.0
10099,53.4
10100,92.8
10101,27.6
10102,98.2
10103,11.0
10104,1.4
10105,22.8
10106,77.0
10107,34.6
10108,1.2
10109,42.8
10110,0.0
10111,40.0
10112,1.2
10113,6.2
10114,7.4
10115,236.2
10116,0.2
10117,9.6
10118,15.6
10119,1.0
10120,5.4
10121,4.8
10122,1.6
10123,51.4
10124,1.0
10125,1.4
10126,1.2
10127,8.8
10128,10034.4
10129,15.2
10130,24.4
10131,37.6
10132,1.2
10133,0.8
10134,33.8
10135,574.2
10136,43.0
10137,3.2
10138,141.8
10139,1111.0
10140,12.6
10141,107.4
10142,1.4
10143,0.4
10144,1.8
10145,79.2
10146,1.2
10147,14.8
10148,1277.6
10149,0.0
10150,1125.6
10151,196.8
10152,41.4
10153,680.2
10154,0.6
10155,38.6
10156,10.2
10157,15.2
10158,5.0
10159,2.2
10160,10.2
10161,53.8
10162,10.8
10163,0.4
10164,0.6
10165,3.6
10166,12.8
10167,0.0
10168,33.0
10169,118.2
10170,0.0
10171,23.4
10172,9.0
10173,61.0
10174,26.4
10175,75.6
10176,139.8
10177,47.0
10178,8.4
10179,1.6
10180,2.0
10181,2.4
10182,0.8
10183,8.0
10184,334.0
10185,10.6
10186,7.4
10187,9.0
10188,8374.6
10189,2.0
10190,77.8
10191,0.6
10192,1.0
10193,2.6
10194,0.8
10195,45.2
10196,15.4
10197,7.2
10198,4.2
10199,2.8
10200,18.2
10201,1.4
10202,0.4
10203,9.2
10204,17.4
10205,3.2
10206,0.2
10207,45.2
10208,0.6
10209,42.4
10210,2.2
10211,23.0
10212,2.6
10213,59.6
10214,6.8
10215,1.2
10216,14.4
10217,0.4
10218,7.4
10219,5.4
10220,18.2
10221,0.4
10222,10.8
10223,23.2
10224,1.4
10225,4.4
10226,1.0
10227,111.6
10228,16.6
10229,0.4
10230,73.4
10231,1.2
10232,6.6
